# appendix wording floor: <anchor id> TAB MUST=n,NEVER=n,FORBIDDEN=n TAB <Composes ids or -> ; regenerated by appendix_token_check.py --write-floor from the digests; lowering a row is a reviewed edit
7.1	MUST=6,NEVER=1,FORBIDDEN=0	-
9.1	MUST=3,NEVER=2,FORBIDDEN=0	9.2
9.2	MUST=2,NEVER=0,FORBIDDEN=0	9.1,11.4.113
9.3	MUST=0,NEVER=0,FORBIDDEN=0	9.1
9.4	MUST=1,NEVER=0,FORBIDDEN=0	9.1
11.4	MUST=4,NEVER=0,FORBIDDEN=0	7.1,8,11.4.5,11.4.69,11.4.107,11.4.262
11.4.1	MUST=2,NEVER=0,FORBIDDEN=0	11.4
11.4.2	MUST=1,NEVER=0,FORBIDDEN=0	11.4
11.4.3	MUST=2,NEVER=0,FORBIDDEN=0	11.4
11.4.4	MUST=3,NEVER=0,FORBIDDEN=0	11.4,11.4.1
11.4.5	MUST=3,NEVER=0,FORBIDDEN=0	11.4.2
11.4.6	MUST=1,NEVER=0,FORBIDDEN=0	-
11.4.7	MUST=1,NEVER=0,FORBIDDEN=0	11.4.6
11.4.8	MUST=1,NEVER=0,FORBIDDEN=0	11.4
11.4.9	MUST=2,NEVER=0,FORBIDDEN=0	-
11.4.10	MUST=5,NEVER=2,FORBIDDEN=0	-
11.4.10.A	MUST=2,NEVER=0,FORBIDDEN=0	9.2,11.4.6,11.4.7,11.4.10,11.4.17,11.4.30
11.4.11	MUST=1,NEVER=4,FORBIDDEN=0	11.4.12,11.4.15,11.4.16,11.4.19,11.4.44,11.4.53,11.4.66
11.4.12	MUST=2,NEVER=0,FORBIDDEN=0	11.4
11.4.13	MUST=4,NEVER=0,FORBIDDEN=0	11.4,11.4.3
11.4.14	MUST=5,NEVER=0,FORBIDDEN=0	11.4,11.4.5
11.4.15	MUST=4,NEVER=0,FORBIDDEN=0	11.4.2,11.4.5
11.4.16	MUST=3,NEVER=0,FORBIDDEN=0	11.4.12,11.4.15
11.4.17	MUST=4,NEVER=0,FORBIDDEN=0	-
11.4.18	MUST=4,NEVER=0,FORBIDDEN=0	11.4.11,11.4.12
11.4.19	MUST=7,NEVER=0,FORBIDDEN=0	11.4.4,11.4.5,11.4.12,11.4.15,11.4.16,11.4.17
11.4.20	MUST=4,NEVER=0,FORBIDDEN=0	11.4,11.4.6,11.4.10,11.4.17
11.4.21	MUST=6,NEVER=0,FORBIDDEN=0	11.4.3,11.4.6,11.4.8,11.4.12,11.4.15,11.4.16,11.4.17,11.4.19,11.4.20
11.4.22	MUST=7,NEVER=1,FORBIDDEN=0	9,11.4,11.4.4,11.4.12,11.4.15,11.4.17,11.4.18,12.10
11.4.23	MUST=4,NEVER=0,FORBIDDEN=0	11.4,11.4.12,11.4.15,11.4.17,11.4.19,11.4.22
11.4.24	MUST=2,NEVER=0,FORBIDDEN=0	11.4.12,11.4.18,11.4.22,12.6,12.7,12.9
11.4.25	MUST=2,NEVER=0,FORBIDDEN=0	1,1.1,7.1,11.4,11.4.1,11.4.2,11.4.3,11.4.6,11.4.12,11.4.15,11.4.16,11.4.17,11.4.18,11.4.20,11.4.22
11.4.26	MUST=6,NEVER=2,FORBIDDEN=1	2,2.1,3,9.1,9.2,11.4.17,11.4.20,11.4.22,11.4.25
11.4.27	MUST=4,NEVER=0,FORBIDDEN=0	1,7.1,11.4.1,11.4.2,11.4.3,11.4.6,11.4.10,11.4.15,11.4.16,11.4.17,11.4.20,11.4.22,11.4.23,11.4.24,11.4.25,11.4.26,11.4.35,11.4.224
11.4.28	MUST=7,NEVER=0,FORBIDDEN=2	1,1.1,2.1,3,11.4.11,11.4.17,11.4.20,11.4.21,11.4.25,11.4.26,11.4.27,11.4.31,11.4.35,11.4.74
11.4.29	MUST=10,NEVER=0,FORBIDDEN=0	1,1.1,11.4.12,11.4.17,11.4.18,11.4.20,11.4.25,11.4.26,11.4.27,11.4.28
11.4.30	MUST=7,NEVER=0,FORBIDDEN=0	1,2,9.1,11.4,11.4.10,11.4.12,11.4.14,11.4.17,11.4.18,11.4.20,11.4.25,11.4.26,11.4.27,11.4.28,11.4.29,12.1
11.4.31	MUST=8,NEVER=1,FORBIDDEN=0	1,3,11.4.2,11.4.12,11.4.17,11.4.18,11.4.20,11.4.25,11.4.26,11.4.27,11.4.28,11.4.29,11.4.30
11.4.32	MUST=5,NEVER=0,FORBIDDEN=0	1,1.1,11.4.10,11.4.12,11.4.15,11.4.16,11.4.18,11.4.20,11.4.22,11.4.24,11.4.25,11.4.26,11.4.27,11.4.28,11.4.29,11.4.30,11.4.31
11.4.33	MUST=2,NEVER=0,FORBIDDEN=0	11.4.15,11.4.16,11.4.17,11.4.19,11.4.23
11.4.34	MUST=2,NEVER=0,FORBIDDEN=0	11.4.6,11.4.7,11.4.15,11.4.17,11.4.21
11.4.35	MUST=6,NEVER=0,FORBIDDEN=0	11.4.17,11.4.18
11.4.36	MUST=4,NEVER=0,FORBIDDEN=0	2,2.1,3,9.2,11.4.17,11.4.20,11.4.28,11.4.29,11.4.30,11.4.31
11.4.37	MUST=3,NEVER=0,FORBIDDEN=0	2.1,11.4.4,11.4.6,11.4.17,11.4.20,11.4.26,11.4.28,11.4.31,11.4.32,11.4.36
11.4.38	MUST=2,NEVER=0,FORBIDDEN=0	11.4.1,11.4.2,11.4.3,11.4.4,11.4.5,11.4.17,11.4.25,11.4.27
11.4.39	MUST=10,NEVER=0,FORBIDDEN=0	7.1,11.4,11.4.17,11.4.25,11.4.27,11.4.38
11.4.40	MUST=3,NEVER=0,FORBIDDEN=1	1.1,11.4.4,11.4.5,11.4.7,11.4.15,11.4.17,11.4.34,11.4.39,12.10
11.4.41	MUST=2,NEVER=1,FORBIDDEN=0	9.2,11.4.4,11.4.6,11.4.17,11.4.26,11.4.32,11.4.37,11.4.40,11.4.113
11.4.42	MUST=3,NEVER=0,FORBIDDEN=1	11.4.2,11.4.4,11.4.5,11.4.7,11.4.9,11.4.12,11.4.15,11.4.17,11.4.34,11.4.39,11.4.40
11.4.43	MUST=12,NEVER=0,FORBIDDEN=0	11.4.1,11.4.2,11.4.3,11.4.4,11.4.5,11.4.6,11.4.7,11.4.8,11.4.9,11.4.17,11.4.33,11.4.40,11.4.42,12.9,12.10
11.4.44	MUST=1,NEVER=0,FORBIDDEN=1	11.4.12,11.4.17,11.4.23,11.4.35,12.10
11.4.45	MUST=11,NEVER=0,FORBIDDEN=0	11.4.5,11.4.6,11.4.7,11.4.12,11.4.13,11.4.15,11.4.22,11.4.23,11.4.44,12.10
11.4.46	MUST=2,NEVER=0,FORBIDDEN=0	11.4.1,11.4.4,11.4.6,11.4.7,11.4.15,11.4.17,11.4.40,11.4.42,11.4.43,11.4.44,12.10
11.4.47	MUST=1,NEVER=0,FORBIDDEN=0	11.4.4,11.4.6,11.4.7,11.4.10,11.4.12,11.4.14,11.4.15,11.4.16,11.4.17,11.4.34,11.4.42,11.4.43,11.4.44,11.4.45,11.4.46
11.4.48	MUST=2,NEVER=1,FORBIDDEN=0	11.4.3,11.4.5,11.4.13,11.4.14,11.4.17,11.4.43,11.4.44
11.4.49	MUST=2,NEVER=0,FORBIDDEN=0	11.4.3,11.4.5,11.4.6,11.4.10,11.4.13,11.4.14,11.4.17,11.4.43,11.4.44,11.4.48
11.4.50	MUST=2,NEVER=0,FORBIDDEN=0	11.4.1,11.4.2,11.4.5,11.4.6,11.4.7,11.4.17,11.4.18,11.4.43,11.4.46,11.4.48,11.4.49
11.4.51	MUST=2,NEVER=0,FORBIDDEN=0	11.4.6,11.4.9,11.4.17,11.4.43,11.4.46,11.4.48,11.4.49,11.4.50
11.4.52	MUST=7,NEVER=0,FORBIDDEN=0	1.1,11.4.5,11.4.13,11.4.15,11.4.16,11.4.17,11.4.25,11.4.27,11.4.39,11.4.43,11.4.46,11.4.48,11.4.49,11.4.50,11.4.51
11.4.53	MUST=7,NEVER=0,FORBIDDEN=1	1.1,11.4,11.4.12,11.4.15,11.4.17,11.4.19,11.4.23,11.4.33,11.4.44,12.10
11.4.54	MUST=5,NEVER=1,FORBIDDEN=0	11.4.12,11.4.15,11.4.16,11.4.17,11.4.19,11.4.33,11.4.44,11.4.53,11.4.55,11.4.57
11.4.55	MUST=5,NEVER=0,FORBIDDEN=0	11.4.7,11.4.17,11.4.23,11.4.34,11.4.44,11.4.45,11.4.53,11.4.54
11.4.56	MUST=2,NEVER=0,FORBIDDEN=0	1.1,11.4.12,11.4.17,11.4.23,11.4.44,11.4.45,11.4.53,11.4.54,12.10
11.4.57	MUST=3,NEVER=0,FORBIDDEN=0	11.4,11.4.12,11.4.15,11.4.16,11.4.17,11.4.19,11.4.44,11.4.45,11.4.53,11.4.56,12.10
11.4.58	MUST=0,NEVER=0,FORBIDDEN=0	1.1,9.2,11.4.4,11.4.5,11.4.6,11.4.7,11.4.9,11.4.15,11.4.16,11.4.19,11.4.33,11.4.41,11.4.42,11.4.43,11.4.45,11.4.49,11.4.50,11.4.52,11.4.54,11.4.57,12.6,12.7,12.8,12.10
11.4.59	MUST=6,NEVER=0,FORBIDDEN=0	11.4.12,11.4.17,11.4.18,11.4.23,11.4.44,11.4.45,11.4.53,11.4.56,11.4.57,12.10
11.4.60	MUST=1,NEVER=0,FORBIDDEN=0	1.1,11.4.12,11.4.15,11.4.16,11.4.17,11.4.19,11.4.23,11.4.33,11.4.44,11.4.45,11.4.53,11.4.56,11.4.57,11.4.59,12.10
11.4.61	MUST=3,NEVER=0,FORBIDDEN=0	11.4,11.4.17,11.4.44,11.4.45,11.4.59,11.4.60,11.4.65
11.4.63	MUST=2,NEVER=0,FORBIDDEN=0	11.4.6,11.4.7,11.4.11,11.4.12,11.4.15,11.4.16,11.4.17,11.4.19,11.4.23,11.4.33,11.4.34,11.4.44,11.4.53,11.4.54,11.4.55,11.4.60
11.4.65	MUST=4,NEVER=0,FORBIDDEN=0	11.4.12,11.4.17,11.4.18,11.4.23,11.4.44,11.4.45,11.4.53,11.4.56,11.4.57,11.4.58,11.4.59,11.4.60,11.4.63,11.4.64
11.4.66	MUST=3,NEVER=2,FORBIDDEN=0	11.4.6,11.4.7,11.4.40,11.4.41,11.4.42,11.4.52
11.4.67	MUST=7,NEVER=0,FORBIDDEN=0	11.4.1,11.4.4,11.4.6,11.4.50,11.4.51,11.4.142,11.4.201
11.4.68	MUST=11,NEVER=0,FORBIDDEN=4	11.4,11.4.2,11.4.5,11.4.13,11.4.14,11.4.46,11.4.49,11.4.50,11.4.52
11.4.69	MUST=7,NEVER=0,FORBIDDEN=0	1.1,11.4.1,11.4.2,11.4.5,11.4.6,11.4.13,11.4.27,11.4.50,11.4.52,11.4.68,11.4.135,11.4.164,11.4.201
11.4.70	MUST=0,NEVER=0,FORBIDDEN=0	11.4,11.4.4,11.4.6,11.4.42,11.4.43,11.4.50,11.4.51,11.4.58
11.4.71	MUST=2,NEVER=0,FORBIDDEN=0	11.4.4,11.4.5,11.4.6,11.4.26,11.4.32,11.4.37,11.4.40,11.4.41,11.4.42,11.4.43
11.4.72	MUST=1,NEVER=0,FORBIDDEN=0	11.4.42,11.4.58
11.4.73	MUST=3,NEVER=0,FORBIDDEN=0	1.1,11.4.17,11.4.44,11.4.59,11.4.61,11.4.65
11.4.74	MUST=5,NEVER=0,FORBIDDEN=0	1.1,2.1,3,4,11.4.10,11.4.28,11.4.31,11.4.32,11.4.36,11.4.61,11.4.65,11.4.73
11.4.75	MUST=2,NEVER=1,FORBIDDEN=0	1.1,9,11.4,11.4.1,11.4.4,11.4.5,11.4.6,11.4.40,11.4.41,11.4.43,11.4.51,11.4.52,11.4.58,11.4.65,11.4.66,11.4.67,11.4.69,11.4.70,11.4.71,11.4.72,11.4.73,11.4.74
11.4.76	MUST=7,NEVER=0,FORBIDDEN=0	1.1,2.1,3,11.4.28,11.4.31,11.4.36,11.4.65,11.4.74,11.4.75
11.4.77	MUST=5,NEVER=0,FORBIDDEN=0	3,9,9.2,11.4,11.4.6,11.4.10,11.4.65,11.4.66,11.4.71,11.4.74,11.4.75,11.4.76
11.4.78	MUST=22,NEVER=2,FORBIDDEN=0	1.1,9,11.4.3,11.4.6,11.4.10,11.4.12,11.4.14,11.4.18,11.4.28,11.4.30,11.4.35,11.4.65,11.4.74,11.4.77,11.4.79,11.4.80,11.4.99,11.4.102,11.4.108,11.4.177,11.4.197,11.4.201,11.4.224,11.4.227,11.4.263,11.4.273,11.4.275,12,12.6,12.11,12.12
11.4.79	MUST=11,NEVER=0,FORBIDDEN=0	1.1,11.4.10,11.4.74,11.4.78,11.4.80,107
11.4.80	MUST=10,NEVER=1,FORBIDDEN=0	1.1,11.4.10,11.4.17,11.4.45,11.4.53,11.4.65,11.4.78,11.4.79,11.4.164,11.4.196,11.4.197,11.4.201,11.4.224,11.4.232,107
11.4.81	MUST=7,NEVER=0,FORBIDDEN=0	1.1,11.4.1,11.4.2,11.4.3,11.4.4,11.4.5,11.4.6,11.4.17,11.4.20,11.4.27,11.4.69,11.4.70,107
11.4.82	MUST=7,NEVER=0,FORBIDDEN=0	11.4.4,11.4.6,11.4.9,11.4.17,11.4.20,11.4.24,11.4.42,11.4.43,11.4.50,11.4.51,11.4.52,11.4.58,11.4.70,11.4.76,12.6,12.7,107
11.4.83	MUST=8,NEVER=0,FORBIDDEN=0	1.1,11.4.2,11.4.5,11.4.13,11.4.54,11.4.65,11.4.69,107
11.4.84	MUST=5,NEVER=0,FORBIDDEN=0	1.1,11.4.10,11.4.17,11.4.20,11.4.27,11.4.70,11.4.71,107
11.4.85	MUST=11,NEVER=3,FORBIDDEN=0	1.1,11.4,11.4.1,11.4.4,11.4.5,11.4.6,11.4.14,11.4.17,11.4.43,11.4.50,11.4.51,11.4.52,11.4.67,11.4.69,11.4.83,107
11.4.86	MUST=1,NEVER=0,FORBIDDEN=0	11.4.6,11.4.12,11.4.17,11.4.35,11.4.45,11.4.53,11.4.56,11.4.57,11.4.59,11.4.60,11.4.65
11.4.87	MUST=2,NEVER=0,FORBIDDEN=0	11.4,11.4.1,11.4.2,11.4.4,11.4.5,11.4.6,11.4.7,11.4.13,11.4.15,11.4.20,11.4.27,11.4.42,11.4.43,11.4.48,11.4.50,11.4.52,11.4.58,11.4.68,11.4.69,11.4.70,11.4.83,11.4.85,11.4.86,12,12.6,12.7,12.8,12.9,12.10
11.4.88	MUST=3,NEVER=0,FORBIDDEN=0	2.1,9.2,11.4.41,11.4.42,11.4.71,11.4.87
11.4.89	MUST=6,NEVER=0,FORBIDDEN=0	11.4,11.4.14,11.4.40,11.4.42,11.4.66,11.4.82,11.4.84,11.4.85,11.4.87,11.4.88,11.4.147
11.4.90	MUST=4,NEVER=0,FORBIDDEN=0	11.4.6,11.4.7,11.4.15,11.4.16,11.4.19,11.4.21,11.4.23,11.4.33,11.4.34,11.4.40,11.4.42,11.4.66,11.4.71
11.4.91	MUST=4,NEVER=1,FORBIDDEN=0	11.4.12,11.4.15,11.4.16,11.4.19,11.4.23,11.4.40,11.4.42,11.4.44,11.4.53,11.4.54,11.4.56,11.4.57,11.4.59,11.4.60,11.4.65,11.4.74
11.4.92	MUST=2,NEVER=0,FORBIDDEN=0	11.4,11.4.1,11.4.4,11.4.5,11.4.6,11.4.8,11.4.20,11.4.27,11.4.40,11.4.42,11.4.43,11.4.50,11.4.52,11.4.58,11.4.69,11.4.70,11.4.78,11.4.79,11.4.82,11.4.83,11.4.84,11.4.85,11.4.87,11.4.88,11.4.89
11.4.93	MUST=2,NEVER=1,FORBIDDEN=0	11.4,11.4.12,11.4.15,11.4.16,11.4.17,11.4.19,11.4.21,11.4.27,11.4.30,11.4.33,11.4.34,11.4.42,11.4.43,11.4.44,11.4.45,11.4.47,11.4.50,11.4.51,11.4.52,11.4.53,11.4.54,11.4.55,11.4.56,11.4.57,11.4.58,11.4.60,11.4.65,11.4.74,11.4.77,11.4.83,11.4.85,11.4.86,11.4.87,11.4.89,11.4.90,11.4.91,11.4.92
11.4.94	MUST=2,NEVER=1,FORBIDDEN=0	11.4,11.4.20,11.4.42,11.4.58,11.4.70,11.4.72,11.4.82,11.4.84,11.4.85,11.4.87,11.4.88,11.4.89,11.4.92,12,12.6,12.7,12.8,12.9
11.4.95	MUST=3,NEVER=3,FORBIDDEN=0	2.1,9.2,11.4.19,11.4.30,11.4.41,11.4.77,11.4.93
11.4.96	MUST=1,NEVER=1,FORBIDDEN=0	11.4.20,11.4.42,11.4.58,11.4.70,11.4.72,11.4.82,11.4.84,11.4.85,11.4.87,11.4.88,11.4.89,11.4.92,11.4.93,11.4.94,11.4.95,12.6,12.7,12.8,12.9
11.4.97	MUST=4,NEVER=0,FORBIDDEN=0	11.4.5,11.4.6,11.4.13,11.4.20,11.4.27,11.4.42,11.4.50,11.4.52,11.4.69,11.4.70,11.4.72,11.4.83,11.4.85,11.4.87,11.4.88,11.4.89,11.4.93,11.4.94,11.4.96
11.4.98	MUST=10,NEVER=0,FORBIDDEN=0	11.4,11.4.2,11.4.3,11.4.5,11.4.10,11.4.35,11.4.50,11.4.85,11.4.87,11.4.89,11.4.90,11.4.94
11.4.99	MUST=6,NEVER=1,FORBIDDEN=0	11.4.4,11.4.5,11.4.8,11.4.35,11.4.90,11.4.92,11.4.98,107
11.4.100	MUST=0,NEVER=0,FORBIDDEN=0	11.4.17,11.4.35
11.4.101	MUST=2,NEVER=0,FORBIDDEN=0	9,9.2,11.4,11.4.4,11.4.6,11.4.17,11.4.21,11.4.40,11.4.41,11.4.66,11.4.87,11.4.94,11.4.97,12,12.6
11.4.102	MUST=8,NEVER=0,FORBIDDEN=0	11.4.4,11.4.6,11.4.7,11.4.8,11.4.17,11.4.43,11.4.70,11.4.80,11.4.81,11.4.82,11.4.92,11.4.126
11.4.103	MUST=7,NEVER=1,FORBIDDEN=0	9.2,11.4.4,11.4.17,11.4.20,11.4.42,11.4.58,11.4.70,11.4.72,11.4.84,11.4.87,11.4.88,11.4.89,11.4.94,11.4.96,11.4.97,11.4.101,11.4.102,12.6,12.7,12.8,12.9
11.4.104	MUST=3,NEVER=2,FORBIDDEN=0	1.1,11.4,11.4.1,11.4.4,11.4.5,11.4.16,11.4.17,11.4.35,11.4.50,11.4.69,11.4.91,11.4.93,11.4.95,11.4.96
11.4.105	MUST=4,NEVER=3,FORBIDDEN=0	1.1,11.4,11.4.1,11.4.4,11.4.5,11.4.6,11.4.16,11.4.17,11.4.35,11.4.69,11.4.96,11.4.98,11.4.104
11.4.106	MUST=4,NEVER=2,FORBIDDEN=0	1.1,9.2,11.4,11.4.3,11.4.4,11.4.5,11.4.6,11.4.12,11.4.17,11.4.28,11.4.44,11.4.45,11.4.50,11.4.53,11.4.56,11.4.57,11.4.59,11.4.60,11.4.65,11.4.69,11.4.80,11.4.86,11.4.93,11.4.95,11.4.96,11.4.131,11.4.164,11.4.197,12.10
11.4.107	MUST=7,NEVER=1,FORBIDDEN=0	1.1,11.4.2,11.4.3,11.4.4,11.4.5,11.4.6,11.4.13,11.4.17,11.4.35,11.4.48,11.4.50,11.4.52,11.4.68,11.4.69,11.4.85
11.4.108	MUST=5,NEVER=0,FORBIDDEN=1	11.4.1,11.4.2,11.4.4,11.4.5,11.4.6,11.4.13,11.4.17,11.4.27,11.4.35,11.4.40,11.4.46,11.4.50,11.4.52,11.4.69,11.4.102,11.4.107,11.4.201,11.4.207,11.4.226,11.4.262
11.4.109	MUST=7,NEVER=1,FORBIDDEN=0	1.1,11.4,11.4.1,11.4.6,11.4.10,11.4.16,11.4.17,11.4.35,11.4.41,11.4.71,11.4.75,11.4.76,11.4.78,11.4.79,11.4.80,11.4.81,11.4.84,11.4.98,11.4.102,12
11.4.110	MUST=5,NEVER=0,FORBIDDEN=0	1.1,11.4.1,11.4.4,11.4.6,11.4.9,11.4.17,11.4.27,11.4.35,11.4.50,11.4.67,11.4.71,11.4.75,11.4.92,11.4.108,12.6,12.7
11.4.111	MUST=4,NEVER=0,FORBIDDEN=0	11.4.6,11.4.8,11.4.17,11.4.35,11.4.69,11.4.108,11.4.110
11.4.112	MUST=5,NEVER=0,FORBIDDEN=0	11.4.6,11.4.7,11.4.8,11.4.17,11.4.21,11.4.34,11.4.90,11.4.99,11.4.150,11.4.199
11.4.113	MUST=1,NEVER=3,FORBIDDEN=1	2.1,9,9.2,11.4.4,11.4.6,11.4.17,11.4.26,11.4.30,11.4.35,11.4.37,11.4.40,11.4.41,11.4.71,11.4.88,11.4.109
11.4.114	MUST=3,NEVER=1,FORBIDDEN=0	11.4.4,11.4.6,11.4.7,11.4.17,11.4.35,11.4.40,11.4.43,11.4.102,11.4.108,11.4.115
11.4.115	MUST=8,NEVER=1,FORBIDDEN=0	11.4.1,11.4.2,11.4.4,11.4.5,11.4.6,11.4.7,11.4.11,11.4.43,11.4.50,11.4.69,11.4.90,11.4.102,11.4.107,11.4.108,11.4.112,11.4.114,11.4.135,11.4.139,11.4.142,11.4.146,11.4.194,11.4.197,11.4.199,11.4.201,11.4.205,11.4.227
11.4.116	MUST=5,NEVER=0,FORBIDDEN=0	11.4.4,11.4.5,11.4.17,11.4.27,11.4.28,11.4.35,11.4.45,11.4.52,11.4.69,11.4.89,11.4.94,11.4.97
11.4.117	MUST=7,NEVER=0,FORBIDDEN=0	11.4.3,11.4.5,11.4.6,11.4.17,11.4.35,11.4.48,11.4.49,11.4.52,11.4.107,11.4.112
11.4.118	MUST=4,NEVER=0,FORBIDDEN=0	1.1,11.4.3,11.4.4,11.4.5,11.4.6,11.4.15,11.4.16,11.4.17,11.4.25,11.4.35,11.4.40,11.4.42,11.4.52,11.4.69,11.4.85,11.4.114,11.4.115,11.4.119
11.4.119	MUST=6,NEVER=0,FORBIDDEN=0	11.4.5,11.4.13,11.4.50,11.4.58,11.4.69,11.4.82,11.4.84,11.4.103,11.4.118
11.4.120	MUST=9,NEVER=1,FORBIDDEN=2	1.1,11.4.1,11.4.4,11.4.6,11.4.17,11.4.35,11.4.66,11.4.69,11.4.84,11.4.101,11.4.102,11.4.108,11.4.110,11.4.201
11.4.121	MUST=3,NEVER=0,FORBIDDEN=0	11.4.6,11.4.17,11.4.30,11.4.35,11.4.58,11.4.84,11.4.88,11.4.96,11.4.103,11.4.108
11.4.122	MUST=1,NEVER=3,FORBIDDEN=0	11.4,11.4.6,11.4.17,11.4.35,11.4.40,11.4.42,11.4.66,11.4.90,11.4.101,11.4.110,11.4.112
11.4.123	MUST=2,NEVER=0,FORBIDDEN=0	1.1,11.4,11.4.1,11.4.5,11.4.6,11.4.8,11.4.17,11.4.21,11.4.33,11.4.35,11.4.52,11.4.69,11.4.99,11.4.107,11.4.112,11.4.117,11.4.118
11.4.124	MUST=4,NEVER=0,FORBIDDEN=0	11.4.6,11.4.8,11.4.27,11.4.35,11.4.43,11.4.84,11.4.90,11.4.92,11.4.101,11.4.114,11.4.115,11.4.122
11.4.125	MUST=5,NEVER=0,FORBIDDEN=0	1.1,11.4,11.4.1,11.4.4,11.4.5,11.4.6,11.4.20,11.4.35,11.4.40,11.4.43,11.4.50,11.4.69,11.4.70,11.4.92,11.4.102,11.4.107,11.4.108,11.4.110,11.4.114,11.4.115,11.4.124
11.4.126	MUST=1,NEVER=0,FORBIDDEN=1	2.1,11.4,11.4.1,11.4.2,11.4.5,11.4.6,11.4.17,11.4.35,11.4.40,11.4.42,11.4.50,11.4.66,11.4.69,11.4.72,11.4.87,11.4.94,11.4.97,11.4.101,11.4.103,11.4.107,11.4.113,12
11.4.127	MUST=3,NEVER=1,FORBIDDEN=0	11.4.6,11.4.17,11.4.35,11.4.66,11.4.87,11.4.103,11.4.113,11.4.126,12.10
11.4.128	MUST=3,NEVER=0,FORBIDDEN=0	11.4.2,11.4.5,11.4.13,11.4.40,11.4.42,11.4.69,11.4.70,11.4.77,11.4.78,11.4.79,11.4.83,11.4.103,11.4.119
11.4.129	MUST=1,NEVER=1,FORBIDDEN=0	11.4.4,11.4.5,11.4.9,11.4.17,11.4.27,11.4.35,11.4.40,11.4.42,11.4.43,11.4.69,11.4.85,11.4.102,11.4.103,11.4.107,11.4.108,11.4.114,11.4.115,11.4.119,11.4.123,11.4.128
11.4.130	MUST=4,NEVER=0,FORBIDDEN=0	11.4.4,11.4.5,11.4.17,11.4.35,11.4.40,11.4.46,11.4.69,11.4.82,11.4.107,11.4.108,11.4.114,11.4.115,11.4.123,11.4.129
11.4.131	MUST=3,NEVER=0,FORBIDDEN=0	11.4.6,11.4.17,11.4.35,11.4.44,11.4.65,11.4.66,11.4.113,11.4.126,11.4.127,12.10
11.4.132	MUST=2,NEVER=0,FORBIDDEN=0	11.4.4,11.4.5,11.4.6,11.4.7,11.4.17,11.4.35,11.4.40,11.4.42,11.4.46,11.4.50,11.4.55,11.4.69,11.4.72,11.4.93,11.4.107,11.4.130
11.4.133	MUST=7,NEVER=1,FORBIDDEN=0	9.2,11.4.6,11.4.8,11.4.17,11.4.35,11.4.66,11.4.99,11.4.101,11.4.108,11.4.123,12,12.6,12.7,12.8,12.9,12.10
11.4.134	MUST=4,NEVER=0,FORBIDDEN=0	11.4.1,11.4.4,11.4.5,11.4.6,11.4.50,11.4.69,11.4.107,11.4.108,11.4.123,11.4.125
11.4.135	MUST=8,NEVER=0,FORBIDDEN=0	11.4.3,11.4.4,11.4.17,11.4.40,11.4.43,11.4.46,11.4.50,11.4.107,11.4.108,11.4.115,11.4.118,11.4.123,11.4.124,11.4.130,11.4.132,11.4.146,11.4.201,11.4.205
11.4.136	MUST=2,NEVER=0,FORBIDDEN=0	11.4,11.4.1,11.4.5,11.4.13,11.4.17,11.4.48,11.4.50,11.4.69,11.4.107,11.4.117,11.4.123
11.4.137	MUST=3,NEVER=1,FORBIDDEN=0	11.4.3,11.4.5,11.4.6,11.4.13,11.4.17,11.4.52,11.4.69,11.4.107,11.4.108,11.4.112,11.4.115,11.4.117,11.4.123
11.4.138	MUST=1,NEVER=0,FORBIDDEN=0	11.4,11.4.1,11.4.17,11.4.102,11.4.108,11.4.115,11.4.118,11.4.123,11.4.135
11.4.139	MUST=3,NEVER=0,FORBIDDEN=0	11.4.17,11.4.46,11.4.108,11.4.130,11.4.135,11.4.137
11.4.140	MUST=5,NEVER=2,FORBIDDEN=0	11.4,11.4.5,11.4.6,11.4.17,11.4.20,11.4.28,11.4.35,11.4.58,11.4.66,11.4.69,11.4.70,11.4.75,11.4.80,11.4.89,11.4.91,11.4.93,11.4.103,11.4.105,11.4.107,11.4.109
11.4.141	MUST=4,NEVER=2,FORBIDDEN=0	1.1,11.4.5,11.4.6,11.4.7,11.4.17,11.4.20,11.4.35,11.4.40,11.4.50,11.4.58,11.4.69,11.4.70,11.4.78,11.4.79,11.4.80,11.4.102,11.4.103,11.4.106,11.4.123,11.4.125,11.4.128,12.6
11.4.142	MUST=3,NEVER=0,FORBIDDEN=0	1.1,11.4.1,11.4.4,11.4.5,11.4.6,11.4.20,11.4.35,11.4.40,11.4.69,11.4.70,11.4.92,11.4.108,11.4.110,11.4.113,11.4.125,11.4.133,11.4.134,11.4.209,107
11.4.143	MUST=1,NEVER=0,FORBIDDEN=0	1.1,11.4.3,11.4.6,11.4.10,11.4.15,11.4.16,11.4.17,11.4.35,11.4.48,11.4.52,11.4.107,11.4.112,11.4.117,11.4.136,11.4.137,107
11.4.144	MUST=2,NEVER=0,FORBIDDEN=0	11.4.6,11.4.14,11.4.21,11.4.69,11.4.101,11.4.128
11.4.145	MUST=2,NEVER=0,FORBIDDEN=0	1.1,9,11.4.5,11.4.6,11.4.20,11.4.35,11.4.69,11.4.70,11.4.78,11.4.79,11.4.85,11.4.92,11.4.99,11.4.107,11.4.108,11.4.110,11.4.125,11.4.133,11.4.134,12
11.4.146	MUST=2,NEVER=0,FORBIDDEN=0	1.1,11.4.3,11.4.4,11.4.5,11.4.8,11.4.15,11.4.17,11.4.28,11.4.33,11.4.35,11.4.43,11.4.50,11.4.54,11.4.69,11.4.85,11.4.93,11.4.95,11.4.99,11.4.102,11.4.106,11.4.107,11.4.108,11.4.115,11.4.118,11.4.123,11.4.130,11.4.135,11.4.138,11.4.139,11.4.185,11.4.186,11.4.201,11.4.205,107
11.4.147	MUST=5,NEVER=0,FORBIDDEN=0	9.2,11.4.6,11.4.40,11.4.58,11.4.84,11.4.87,11.4.94,11.4.97,11.4.101,11.4.102,11.4.108,11.4.116,11.4.125,11.4.126,11.4.128,11.4.142,11.4.144,11.4.196,11.4.198
11.4.148	MUST=11,NEVER=1,FORBIDDEN=0	1.1,11.4.5,11.4.6,11.4.10,11.4.15,11.4.16,11.4.21,11.4.28,11.4.33,11.4.34,11.4.54,11.4.65,11.4.66,11.4.69,11.4.86,11.4.91,11.4.93,11.4.95,11.4.104,11.4.106,11.4.112,11.4.115,11.4.123,11.4.146,11.4.185,11.4.201,11.4.227,11.4.239,11.4.240,11.4.262
11.4.149	MUST=1,NEVER=0,FORBIDDEN=0	1.1,11.4.3,11.4.6,11.4.10,11.4.13,11.4.27,11.4.28,11.4.33,11.4.45,11.4.50,11.4.55,11.4.65,11.4.69,11.4.86,11.4.93,11.4.95,11.4.106,11.4.107,11.4.112,11.4.123,11.4.132,11.4.148
11.4.150	MUST=1,NEVER=0,FORBIDDEN=0	11.4.6,11.4.7,11.4.8,11.4.20,11.4.33,11.4.34,11.4.40,11.4.42,11.4.55,11.4.70,11.4.89,11.4.93,11.4.94,11.4.95,11.4.97,11.4.99,11.4.101,11.4.102,11.4.103,11.4.112,11.4.118,11.4.123,11.4.125,11.4.126,11.4.142,11.4.145
11.4.151	MUST=3,NEVER=0,FORBIDDEN=0	2.1,11.4.6,11.4.17,11.4.28,11.4.29,11.4.30,11.4.35,11.4.40,11.4.54,11.4.77,11.4.113,11.4.126
11.4.152	MUST=3,NEVER=0,FORBIDDEN=1	1.1,11.4,11.4.1,11.4.5,11.4.6,11.4.9,11.4.10,11.4.17,11.4.34,11.4.35,11.4.40,11.4.43,11.4.47,11.4.69,11.4.90,11.4.102,11.4.107,11.4.108,11.4.115,11.4.118,11.4.123,11.4.130,11.4.135,11.4.138,11.4.150
11.4.153	MUST=4,NEVER=4,FORBIDDEN=0	1.1,11.4.2,11.4.4,11.4.5,11.4.6,11.4.17,11.4.35,11.4.44,11.4.45,11.4.52,11.4.56,11.4.57,11.4.59,11.4.60,11.4.65,11.4.74,11.4.86,11.4.102,11.4.106,11.4.107,11.4.108,11.4.118,11.4.123,11.4.134,11.4.146,11.4.159
11.4.154	MUST=4,NEVER=1,FORBIDDEN=0	9.2,11.4.2,11.4.3,11.4.5,11.4.6,11.4.10,11.4.83,11.4.86,11.4.107,11.4.111,11.4.122,11.4.128,11.4.137,11.4.153
11.4.155	MUST=2,NEVER=0,FORBIDDEN=0	9.2,11.4.6,11.4.29,11.4.30,11.4.35,11.4.77,11.4.83,11.4.86,11.4.111,11.4.122,11.4.128,11.4.151,11.4.153,11.4.154
11.4.156	MUST=4,NEVER=0,FORBIDDEN=0	2.1,11.4.6,11.4.17,11.4.29,11.4.35,11.4.40,11.4.42,11.4.75,11.4.109,11.4.113
11.4.157	MUST=2,NEVER=0,FORBIDDEN=0	1.1,11.4.6,11.4.17,11.4.26,11.4.35,11.4.44,11.4.65,11.4.140,11.4.156
11.4.158	MUST=6,NEVER=2,FORBIDDEN=0	1.1,11.4.2,11.4.4,11.4.5,11.4.17,11.4.25,11.4.27,11.4.35,11.4.40,11.4.52,11.4.69,11.4.83,11.4.85,11.4.107,11.4.108,11.4.117,11.4.118,11.4.128,11.4.137,11.4.138,11.4.153,11.4.154,11.4.155
11.4.159	MUST=12,NEVER=1,FORBIDDEN=0	1.1,11.4.2,11.4.3,11.4.5,11.4.10,11.4.17,11.4.29,11.4.35,11.4.69,11.4.83,11.4.102,11.4.107,11.4.111,11.4.128,11.4.137,11.4.151,11.4.153,11.4.154,11.4.155,11.4.158
11.4.160	MUST=4,NEVER=0,FORBIDDEN=0	1.1,11.4.5,11.4.6,11.4.17,11.4.27,11.4.35,11.4.69,11.4.107,11.4.108,11.4.112,11.4.117,11.4.153,11.4.158,11.4.159
11.4.161	MUST=4,NEVER=1,FORBIDDEN=1	11.4.6,11.4.10,11.4.17,11.4.35,11.4.74,11.4.76,11.4.112,12.3
11.4.162	MUST=9,NEVER=0,FORBIDDEN=0	11.4.4,11.4.6,11.4.17,11.4.25,11.4.27,11.4.35,11.4.48,11.4.49,11.4.69,11.4.74,11.4.107
11.4.163	MUST=9,NEVER=0,FORBIDDEN=0	1.1,11.4.5,11.4.17,11.4.35,11.4.40,11.4.69,11.4.83,11.4.102,11.4.107,11.4.108,11.4.112,11.4.117,11.4.134,11.4.159
11.4.164	MUST=2,NEVER=1,FORBIDDEN=0	1.1,11.4.6,11.4.17,11.4.28,11.4.30,11.4.31,11.4.32,11.4.35,11.4.67,11.4.77,11.4.102,11.4.122
11.4.165	MUST=4,NEVER=0,FORBIDDEN=0	1.1,11.4.6,11.4.10,11.4.20,11.4.35,11.4.40,11.4.44,11.4.65,11.4.70,11.4.86,11.4.92,11.4.102,11.4.108,11.4.118,11.4.125,11.4.130,11.4.134,11.4.142,11.4.159,11.4.163
11.4.166	MUST=0,NEVER=0,FORBIDDEN=0	-
11.4.167	MUST=7,NEVER=1,FORBIDDEN=2	1.1,9,9.2,11.4.6,11.4.17,11.4.28,11.4.29,11.4.35,11.4.40,11.4.41,11.4.54,11.4.58,11.4.66,11.4.69,11.4.71,11.4.77,11.4.84,11.4.103,11.4.108,11.4.113,11.4.116,11.4.119,11.4.125,11.4.142,11.4.145,11.4.147,11.4.151,12,12.6,12.7,12.8,12.9
11.4.168	MUST=5,NEVER=1,FORBIDDEN=0	1.1,11.4.5,11.4.17,11.4.20,11.4.35,11.4.65,11.4.69,11.4.70,11.4.73,11.4.92,11.4.102,11.4.107,11.4.108,11.4.112,11.4.117,11.4.134,11.4.135,11.4.138,11.4.142,11.4.153,11.4.159,11.4.163,11.4.165
11.4.169	MUST=3,NEVER=1,FORBIDDEN=0	1.1,11.4.3,11.4.4,11.4.5,11.4.6,11.4.10,11.4.25,11.4.27,11.4.35,11.4.50,11.4.52,11.4.69,11.4.76,11.4.85,11.4.98,11.4.107,11.4.123,11.4.135,11.4.146,11.4.161,11.4.197,11.4.201,11.4.224,11.4.227
11.4.170	MUST=3,NEVER=2,FORBIDDEN=2	1.1,11.4.3,11.4.4,11.4.5,11.4.6,11.4.17,11.4.27,11.4.35,11.4.40,11.4.69,11.4.107,11.4.108,11.4.117,11.4.153,11.4.158,11.4.159,11.4.160,11.4.162,11.4.163,11.4.168,11.4.169
11.4.171	MUST=4,NEVER=0,FORBIDDEN=0	11.4.15,11.4.16,11.4.17,11.4.19,11.4.65,11.4.91,11.4.93,11.4.148
11.4.172	MUST=2,NEVER=0,FORBIDDEN=0	11.4.6,11.4.17,11.4.40,11.4.42,11.4.65,11.4.93,11.4.108
11.4.173	MUST=3,NEVER=1,FORBIDDEN=1	11.4.6,11.4.17,11.4.24,11.4.28,11.4.38,11.4.40,11.4.74,11.4.76,11.4.82,11.4.108,11.4.121,11.4.161,12.6
11.4.174	MUST=3,NEVER=2,FORBIDDEN=0	11.4.6,11.4.66,11.4.101,11.4.133,11.4.147,12,12.8
11.4.176	MUST=2,NEVER=1,FORBIDDEN=0	9.2,11.4.6,11.4.17,11.4.24,11.4.28,11.4.35,11.4.41,11.4.58,11.4.84,11.4.85,11.4.103,11.4.113,11.4.116,11.4.119,11.4.147,11.4.167,12.6
11.4.177	MUST=1,NEVER=1,FORBIDDEN=0	11.4.6,11.4.11,11.4.17,11.4.28,11.4.29,11.4.35
11.4.178	MUST=4,NEVER=1,FORBIDDEN=0	11.4.17,11.4.29,11.4.35,11.4.58,11.4.111,11.4.119,11.4.176,11.4.187
11.4.179	MUST=2,NEVER=0,FORBIDDEN=0	9.2,11.4.17,11.4.35,11.4.58,11.4.113,11.4.119,11.4.167,11.4.176,11.4.180
11.4.180	MUST=3,NEVER=1,FORBIDDEN=0	9.2,11.4.6,11.4.17,11.4.35,11.4.84,11.4.88,11.4.116,11.4.179
11.4.181	MUST=2,NEVER=3,FORBIDDEN=0	9.2,11.4.6,11.4.17,11.4.28,11.4.29,11.4.35,11.4.75,11.4.84,11.4.93,11.4.113,11.4.167,11.4.176,11.4.178,11.4.179
11.4.182	MUST=5,NEVER=3,FORBIDDEN=0	11.4.6,11.4.29,11.4.58,11.4.75,11.4.103,11.4.106,11.4.109,11.4.116,11.4.119,11.4.147,11.4.177,11.4.178,11.4.197,11.4.208,11.4.209,11.4.211,11.4.227,11.4.229,11.4.231
11.4.183	MUST=3,NEVER=1,FORBIDDEN=0	11.4.20,11.4.58,11.4.70,11.4.92,11.4.94,11.4.97,11.4.103,11.4.119,11.4.125,11.4.126,11.4.134,11.4.142,11.4.165,12.6
11.4.184	MUST=4,NEVER=1,FORBIDDEN=0	11.4.6,11.4.10,11.4.28,11.4.31,11.4.36,11.4.74,11.4.75,11.4.80,11.4.109,11.4.161,11.4.166,11.4.177,11.4.184,11.4.227
11.4.185	MUST=3,NEVER=0,FORBIDDEN=0	11.4,11.4.5,11.4.6,11.4.17,11.4.35,11.4.40,11.4.52,11.4.69,11.4.87,11.4.94,11.4.97,11.4.101,11.4.108,11.4.126,11.4.129,11.4.130,11.4.132
11.4.186	MUST=4,NEVER=1,FORBIDDEN=0	11.4.6,11.4.12,11.4.28,11.4.31,11.4.33,11.4.44,11.4.50,11.4.53,11.4.54,11.4.60,11.4.65,11.4.73,11.4.75,11.4.85,11.4.86,11.4.91,11.4.93,11.4.95,11.4.106,11.4.107,11.4.108,11.4.110,11.4.148,11.4.176
11.4.187	MUST=1,NEVER=3,FORBIDDEN=0	11.4.17,11.4.20,11.4.28,11.4.58,11.4.67,11.4.69,11.4.70,11.4.101,11.4.103,11.4.108,11.4.111,11.4.116,11.4.119,11.4.126,11.4.128,11.4.131,11.4.147,11.4.164,11.4.167,11.4.176,11.4.177,12.6,12.8
11.4.188	MUST=1,NEVER=2,FORBIDDEN=0	9,9.2,11.4.6,11.4.17,11.4.37,11.4.41,11.4.42,11.4.71,11.4.84,11.4.88,11.4.89,11.4.103,11.4.113,11.4.167,11.4.176,11.4.178,11.4.179,11.4.181
11.4.189	MUST=1,NEVER=0,FORBIDDEN=0	11.4.1,11.4.5,11.4.6,11.4.17,11.4.35,11.4.50,11.4.55,11.4.69,11.4.93,11.4.102,11.4.107,11.4.108,11.4.115,11.4.123,11.4.129,11.4.130,11.4.132,11.4.135,11.4.146
11.4.190	MUST=1,NEVER=0,FORBIDDEN=0	11.4.5,11.4.6,11.4.17,11.4.35,11.4.69,11.4.107,11.4.162,11.4.168,11.4.170
11.4.191	MUST=0,NEVER=1,FORBIDDEN=0	9.2,11.4.6,11.4.28,11.4.29,11.4.35,11.4.58,11.4.75,11.4.84,11.4.93,11.4.95,11.4.109,11.4.110,11.4.113,11.4.119,11.4.167,11.4.176,11.4.177,11.4.178,11.4.181,11.4.182
11.4.192	MUST=3,NEVER=2,FORBIDDEN=0	11.4.3,11.4.42,11.4.52,11.4.58,11.4.72,11.4.94,11.4.97,11.4.101,11.4.103,11.4.108,11.4.115,11.4.167,11.4.176,11.4.178,11.4.179,11.4.182,11.4.185,11.4.187,11.4.191
11.4.193	MUST=2,NEVER=1,FORBIDDEN=1	11.4,11.4.3,11.4.5,11.4.6,11.4.10,11.4.17,11.4.52,11.4.69,11.4.107,11.4.117,11.4.159,11.4.160
11.4.194	MUST=6,NEVER=0,FORBIDDEN=0	1.1,11.4.3,11.4.6,11.4.35,11.4.107,11.4.108,11.4.115,11.4.125,11.4.130,11.4.133,11.4.134,11.4.142,11.4.201,11.4.226,11.4.227
11.4.195	MUST=3,NEVER=3,FORBIDDEN=0	2.1,9,9.2,11.4.6,11.4.17,11.4.29,11.4.35,11.4.40,11.4.41,11.4.84,11.4.93,11.4.113,11.4.167,11.4.176,11.4.178,11.4.181,11.4.185,11.4.188,11.4.191
11.4.196	MUST=4,NEVER=4,FORBIDDEN=0	11.4.6,11.4.17,11.4.28,11.4.50,11.4.69,11.4.101,11.4.103,11.4.108,11.4.111,11.4.115,11.4.119,11.4.147,11.4.176,11.4.182,11.4.187,11.4.198,12.6,12.8,12.12
11.4.197	MUST=3,NEVER=1,FORBIDDEN=1	11.4.5,11.4.8,11.4.15,11.4.17,11.4.21,11.4.33,11.4.54,11.4.69,11.4.87,11.4.90,11.4.93,11.4.94,11.4.97,11.4.103,11.4.107,11.4.108,11.4.112,11.4.118,11.4.122,11.4.123,11.4.124,11.4.126,11.4.150,11.4.192
11.4.198	MUST=2,NEVER=0,FORBIDDEN=0	11.4.17,11.4.20,11.4.58,11.4.70,11.4.103,11.4.126,11.4.141,11.4.176,11.4.182,11.4.183,11.4.187,11.4.196,12.6,12.12
11.4.199	MUST=3,NEVER=0,FORBIDDEN=0	11.4.1,11.4.3,11.4.5,11.4.6,11.4.7,11.4.17,11.4.35,11.4.102,11.4.107,11.4.115,11.4.123,11.4.135,11.4.146
11.4.200	MUST=2,NEVER=0,FORBIDDEN=0	11.4.6,11.4.17,11.4.35,11.4.40,11.4.46,11.4.108,11.4.111,11.4.119,11.4.130,11.4.133,11.4.139
11.4.201	MUST=14,NEVER=2,FORBIDDEN=0	11.4.1,11.4.6,11.4.17,11.4.28,11.4.35,11.4.99,11.4.101,11.4.107,11.4.109,11.4.111,11.4.115,11.4.119,11.4.122,11.4.128,11.4.135,11.4.142,11.4.146,11.4.177,11.4.180,11.4.196,11.4.197,11.4.200,11.4.209,11.4.215,11.4.224,12,12.6,12.8,12.12
11.4.202	MUST=4,NEVER=5,FORBIDDEN=0	1.1,11.4.3,11.4.6,11.4.10,11.4.12,11.4.15,11.4.16,11.4.27,11.4.28,11.4.53,11.4.54,11.4.65,11.4.66,11.4.93,11.4.95,11.4.101,11.4.105,11.4.106,11.4.107,11.4.108,11.4.140,11.4.148,11.4.164,11.4.171,11.4.177,11.4.197
11.4.207	MUST=1,NEVER=1,FORBIDDEN=0	9.2,11.4.17,11.4.28,11.4.85,11.4.107,11.4.116,11.4.127,11.4.131,11.4.147,11.4.177,11.4.180,11.4.201,11.4.205,11.4.206,12.10
11.4.208	MUST=2,NEVER=2,FORBIDDEN=1	11.4.6,11.4.17,11.4.28,11.4.35,11.4.44,11.4.65,11.4.66,11.4.67,11.4.73,11.4.93,11.4.95,11.4.118,11.4.131,11.4.176,11.4.178,11.4.182,11.4.196,11.4.197,11.4.202,12.10
11.4.209	MUST=14,NEVER=2,FORBIDDEN=0	11.4.6,11.4.10,11.4.20,11.4.21,11.4.70,11.4.125,11.4.134,11.4.142,11.4.183,11.4.194,11.4.196,11.4.197,11.4.201,11.4.231
11.4.210	MUST=6,NEVER=0,FORBIDDEN=0	11.4.6,11.4.17,11.4.35,11.4.65,11.4.73,11.4.75,11.4.87,11.4.94,11.4.97,11.4.103,11.4.106,11.4.126,11.4.147,11.4.197,11.4.202,11.4.205,11.4.208
11.4.211	MUST=7,NEVER=0,FORBIDDEN=0	9,9.2,11.4.5,11.4.6,11.4.17,11.4.37,11.4.41,11.4.69,11.4.71,11.4.84,11.4.113,11.4.167,11.4.183,11.4.188,11.4.195,11.4.196,11.4.201,11.4.209,11.4.231
11.4.212	MUST=6,NEVER=0,FORBIDDEN=0	11.4.12,11.4.44,11.4.53,11.4.57,11.4.59,11.4.65,11.4.66,11.4.91,11.4.106,11.4.135,11.4.153,11.4.185,11.4.224
11.4.213	MUST=0,NEVER=1,FORBIDDEN=0	11.4.6,11.4.8,11.4.10,11.4.15,11.4.16,11.4.17,11.4.27,11.4.28,11.4.35,11.4.54,11.4.65,11.4.73,11.4.74,11.4.78,11.4.79,11.4.80,11.4.87,11.4.93,11.4.94,11.4.95,11.4.97,11.4.99,11.4.102,11.4.103,11.4.108,11.4.126,11.4.140,11.4.148,11.4.150,11.4.162,11.4.169,11.4.171,11.4.177,11.4.190,11.4.197,11.4.202
11.4.214	MUST=9,NEVER=0,FORBIDDEN=0	11.4.1,11.4.6,11.4.7,11.4.15,11.4.17,11.4.21,11.4.33,11.4.34,11.4.54,11.4.55,11.4.66,11.4.90,11.4.93,11.4.101,11.4.102,11.4.105,11.4.107,11.4.132,11.4.148,11.4.186,11.4.189,11.4.202
11.4.215	MUST=3,NEVER=0,FORBIDDEN=0	11.4.11,11.4.28,11.4.30,11.4.35,11.4.44,11.4.57,11.4.65,11.4.73,11.4.95,11.4.106,11.4.120,11.4.177,11.4.186,11.4.197,11.4.212
11.4.216	MUST=2,NEVER=0,FORBIDDEN=0	11.4.6,11.4.17,11.4.35,11.4.162,11.4.170,11.4.190,11.4.197,11.4.217,11.4.223
11.4.217	MUST=1,NEVER=2,FORBIDDEN=0	11.4.6,11.4.17,11.4.35,11.4.99,11.4.162,11.4.170,11.4.190,11.4.216,11.4.220,11.4.223
11.4.218	MUST=1,NEVER=0,FORBIDDEN=0	11.4.6,11.4.17,11.4.35,11.4.162,11.4.170,11.4.216,11.4.221,11.4.223
11.4.219	MUST=2,NEVER=1,FORBIDDEN=0	11.4.6,11.4.17,11.4.35,11.4.162,11.4.170,11.4.185,11.4.190,11.4.216,11.4.218,11.4.223
11.4.220	MUST=1,NEVER=1,FORBIDDEN=1	11.4.6,11.4.10,11.4.17,11.4.28,11.4.31,11.4.35,11.4.69,11.4.74,11.4.76,11.4.99,11.4.161,11.4.162,11.4.201,11.4.215,11.4.216,11.4.218,11.4.219,11.4.221,11.4.223
11.4.221	MUST=0,NEVER=0,FORBIDDEN=0	11.4.6,11.4.17,11.4.35,11.4.107,11.4.162,11.4.170,11.4.216,11.4.217,11.4.218,11.4.223
11.4.222	MUST=0,NEVER=1,FORBIDDEN=0	11.4.3,11.4.6,11.4.17,11.4.35,11.4.38,11.4.65,11.4.69,11.4.73,11.4.170,11.4.185,11.4.190,11.4.201,11.4.216,11.4.219,11.4.220
11.4.223	MUST=0,NEVER=0,FORBIDDEN=0	11.4.6,11.4.15,11.4.17,11.4.35,11.4.44,11.4.54,11.4.61,11.4.93,11.4.123,11.4.186,11.4.197,11.4.212
11.4.224	MUST=5,NEVER=4,FORBIDDEN=0	1.1,11.4,11.4.1,11.4.3,11.4.5,11.4.6,11.4.17,11.4.27,11.4.35,11.4.43,11.4.44,11.4.50,11.4.65,11.4.66,11.4.67,11.4.69,11.4.77,11.4.85,11.4.106,11.4.107,11.4.108,11.4.110,11.4.115,11.4.122,11.4.135,11.4.142,11.4.146,11.4.169,11.4.185,11.4.197,11.4.201,11.4.202,11.4.212
11.4.225	MUST=4,NEVER=0,FORBIDDEN=0	11.4.6,11.4.24,11.4.102,11.4.103,11.4.108,11.4.128,11.4.183,11.4.201,12.6,12.8,12.11,12.12
11.4.226	MUST=0,NEVER=1,FORBIDDEN=0	11.4.1,11.4.5,11.4.6,11.4.15,11.4.17,11.4.32,11.4.33,11.4.35,11.4.69,11.4.94,11.4.97,11.4.102,11.4.107,11.4.108,11.4.115,11.4.118,11.4.123,11.4.132,11.4.135,11.4.146,11.4.164,11.4.185,11.4.189,11.4.194,11.4.197,11.4.201,11.4.205,11.4.214,11.4.227
11.4.227	MUST=3,NEVER=1,FORBIDDEN=0	11.4.6,11.4.15,11.4.17,11.4.32,11.4.54,11.4.66,11.4.75,11.4.112,11.4.120,11.4.140,11.4.141,11.4.142,11.4.157,11.4.164,11.4.166,11.4.186,11.4.194,11.4.197,11.4.201,11.4.205,11.4.224
11.4.228	MUST=12,NEVER=2,FORBIDDEN=0	1.1,11.4.3,11.4.6,11.4.17,11.4.32,11.4.35,11.4.44,11.4.65,11.4.69,11.4.86,11.4.106,11.4.108,11.4.112,11.4.124,11.4.139,11.4.142,11.4.157,11.4.164,11.4.169,11.4.194,11.4.197,11.4.201
11.4.229	MUST=2,NEVER=3,FORBIDDEN=0	11.4.1,11.4.3,11.4.6,11.4.17,11.4.35,11.4.96,11.4.97,11.4.106,11.4.116,11.4.126,11.4.131,11.4.202,11.4.208,12.10
11.4.230	MUST=6,NEVER=2,FORBIDDEN=0	11.4.20,11.4.24,11.4.40,11.4.58,11.4.69,11.4.70,11.4.88,11.4.89,11.4.94,11.4.96,11.4.97,11.4.101,11.4.102,11.4.103,11.4.106,11.4.108,11.4.110,11.4.111,11.4.113,11.4.115,11.4.119,11.4.120,11.4.121,11.4.125,11.4.126,11.4.128,11.4.129,11.4.130,11.4.132,11.4.134,11.4.142,11.4.144,11.4.148,11.4.151,11.4.183,11.4.185,11.4.187,11.4.188,11.4.189,11.4.192,11.4.194,11.4.195,11.4.197,11.4.200,11.4.202,11.4.208,11.4.210,11.4.229,11.4.235,11.4.236,11.4.238,11.4.239,11.4.261,11.4.264,11.4.265,11.4.266,11.4.271,12.6,12.12
11.4.231	MUST=4,NEVER=1,FORBIDDEN=0	11.4.5,11.4.6,11.4.17,11.4.20,11.4.35,11.4.69,11.4.70,11.4.92,11.4.101,11.4.102,11.4.107,11.4.126,11.4.133,11.4.141,11.4.147,11.4.182,11.4.183,11.4.187,11.4.192,11.4.194,11.4.196,11.4.198,11.4.201,11.4.209,11.4.211,11.4.227
11.4.232	MUST=3,NEVER=5,FORBIDDEN=0	9.2,11.4.66,11.4.69,11.4.89,11.4.101,11.4.102,11.4.116,11.4.119,11.4.120,11.4.135,11.4.147,11.4.180,11.4.187,11.4.196,11.4.197,11.4.201,11.4.207,12.6,12.12
11.4.233	MUST=3,NEVER=3,FORBIDDEN=0	2.1,9.2,11.4.6,11.4.26,11.4.28,11.4.31,11.4.32,11.4.35,11.4.36,11.4.84,11.4.86,11.4.101,11.4.106,11.4.108,11.4.116,11.4.121,11.4.147,11.4.164,11.4.167,11.4.176,11.4.179,11.4.180,11.4.181,11.4.186,11.4.191,11.4.196,11.4.197,11.4.201,11.4.205,11.4.206,11.4.207,11.4.227,11.4.232,11.4.246,11.4.252,11.4.264,12.6
11.4.234	MUST=7,NEVER=3,FORBIDDEN=0	2,2.1,11.4.6,11.4.17,11.4.32,11.4.35,11.4.113,11.4.201,11.4.227,11.4.233
11.4.235	MUST=4,NEVER=1,FORBIDDEN=0	11.4.4,11.4.6,11.4.17,11.4.40,11.4.96,11.4.103,11.4.108,11.4.110,11.4.125,11.4.126,11.4.129,11.4.134,11.4.142,11.4.151,11.4.185,11.4.194,11.4.200,11.4.201,11.4.209,11.4.227,11.4.230
11.4.236	MUST=3,NEVER=0,FORBIDDEN=0	11.4.4,11.4.6,11.4.17,11.4.35,11.4.107,11.4.108,11.4.111,11.4.115,11.4.120,11.4.126,11.4.135,11.4.140,11.4.146,11.4.185,11.4.201,11.4.205,11.4.226,11.4.227,11.4.234
11.4.237	MUST=3,NEVER=1,FORBIDDEN=0	1.1,11.4.3,11.4.5,11.4.6,11.4.17,11.4.20,11.4.35,11.4.54,11.4.69,11.4.70,11.4.92,11.4.107,11.4.134,11.4.140,11.4.141,11.4.142,11.4.209,11.4.227,11.4.255,11.4.256
11.4.238	MUST=10,NEVER=0,FORBIDDEN=0	1.1,11.4.6,11.4.17,11.4.27,11.4.35,11.4.98,11.4.102,11.4.115,11.4.118,11.4.135,11.4.136,11.4.138,11.4.143,11.4.158,11.4.159,11.4.160,11.4.185,11.4.201,11.4.227,11.4.240,11.4.261
11.4.239	MUST=5,NEVER=0,FORBIDDEN=0	11.4.6,11.4.15,11.4.16,11.4.17,11.4.33,11.4.35,11.4.43,11.4.69,11.4.93,11.4.95,11.4.108,11.4.115,11.4.129,11.4.135,11.4.146,11.4.185,11.4.205,11.4.226,11.4.238
11.4.240	MUST=10,NEVER=2,FORBIDDEN=0	11.4.6,11.4.20,11.4.35,11.4.70,11.4.92,11.4.107,11.4.115,11.4.125,11.4.134,11.4.135,11.4.142,11.4.146,11.4.165,11.4.194,11.4.201,11.4.205,11.4.209,11.4.227,11.4.243,11.4.245,11.4.248,11.4.249,11.4.256,12
11.4.241	MUST=1,NEVER=0,FORBIDDEN=0	1.1,11.4.6,11.4.35,11.4.107,11.4.108,11.4.115,11.4.142,11.4.194,11.4.201,11.4.209,11.4.224
11.4.242	MUST=5,NEVER=0,FORBIDDEN=0	1.1,11.4.5,11.4.6,11.4.17,11.4.50,11.4.69,11.4.102,11.4.114,11.4.115,11.4.201,11.4.224,11.4.227,11.4.248
11.4.243	MUST=2,NEVER=0,FORBIDDEN=0	1.1,11.4.17,11.4.66,11.4.115,11.4.118,11.4.124,11.4.201,11.4.224
11.4.244	MUST=2,NEVER=1,FORBIDDEN=0	1.1,11.4.5,11.4.6,11.4.17,11.4.35,11.4.66,11.4.108,11.4.135,11.4.185,11.4.201
11.4.245	MUST=2,NEVER=0,FORBIDDEN=0	1.1,11.4.5,11.4.6,11.4.17,11.4.107,11.4.115,11.4.185,11.4.194,11.4.201,11.4.224,11.4.243
11.4.246	MUST=2,NEVER=0,FORBIDDEN=0	1.1,2.1,11.4.6,11.4.17,11.4.30,11.4.35,11.4.77,11.4.108,11.4.113,11.4.135,11.4.142,11.4.161,11.4.184,11.4.185,11.4.197,11.4.209
11.4.247	MUST=2,NEVER=1,FORBIDDEN=0	1.1,11.4.6,11.4.35,11.4.111,11.4.118,11.4.124,11.4.135,11.4.191,11.4.197,11.4.238,11.4.244
11.4.248	MUST=0,NEVER=0,FORBIDDEN=0	1.1,2.1,11.4.6,11.4.35,11.4.50,11.4.54,11.4.66,11.4.113,11.4.115,11.4.135,11.4.197,11.4.226
11.4.249	MUST=1,NEVER=0,FORBIDDEN=0	1.1,11.4.5,11.4.6,11.4.107,11.4.116,11.4.142,11.4.194,11.4.201,11.4.207,11.4.240,11.4.245
11.4.250	MUST=0,NEVER=0,FORBIDDEN=0	1.1,11.4.5,11.4.6,11.4.102,11.4.124,11.4.194,11.4.201,11.4.226
11.4.251	MUST=1,NEVER=0,FORBIDDEN=0	1.1,11.4.5,11.4.6,11.4.28,11.4.35,11.4.124,11.4.177,11.4.194,11.4.197,11.4.243
11.4.252	MUST=2,NEVER=2,FORBIDDEN=0	1.1,11.4.5,11.4.6,11.4.10,11.4.17,11.4.66,11.4.101,11.4.113,11.4.194,11.4.201
11.4.253	MUST=4,NEVER=1,FORBIDDEN=0	1.1,11.4.5,11.4.6,11.4.17,11.4.85,11.4.201,11.4.252
11.4.254	MUST=1,NEVER=0,FORBIDDEN=0	1.1,11.4.5,11.4.6,11.4.35,11.4.86,11.4.106,11.4.108,11.4.128,11.4.239,11.4.244,11.4.252,12.12
11.4.255	MUST=7,NEVER=0,FORBIDDEN=3	1.1,11.4,11.4.1,11.4.5,11.4.6,11.4.7,11.4.17,11.4.35,11.4.69,11.4.107
11.4.256	MUST=6,NEVER=0,FORBIDDEN=0	1.1,11.4,11.4.1,11.4.5,11.4.6,11.4.17,11.4.35,11.4.69,11.4.107,11.4.134,11.4.255
11.4.257	MUST=2,NEVER=3,FORBIDDEN=0	11.4.11,11.4.18,11.4.44,11.4.65,11.4.86,11.4.93,11.4.95,11.4.99,11.4.106,11.4.138,11.4.148,11.4.153,11.4.194,11.4.197,11.4.208,11.4.212,11.4.223,11.4.238
11.4.258	MUST=1,NEVER=1,FORBIDDEN=0	11.4.3,11.4.6,11.4.15,11.4.65,11.4.86,11.4.106,11.4.107,11.4.108,11.4.147,11.4.153,11.4.187,11.4.201,11.4.212,11.4.216,11.4.218,11.4.219,11.4.220,11.4.222,11.4.223,11.4.232,11.4.257
11.4.259	MUST=2,NEVER=0,FORBIDDEN=0	11.4.6,11.4.15,11.4.27,11.4.44,11.4.57,11.4.86,11.4.93,11.4.106,11.4.108,11.4.129,11.4.135,11.4.169,11.4.184,11.4.185,11.4.189,11.4.201,11.4.212,11.4.223,11.4.224,11.4.229,11.4.236,11.4.238,11.4.246,11.4.257,11.4.258,11.4.260,11.4.261,11.4.262
11.4.260	MUST=8,NEVER=3,FORBIDDEN=0	1.1,11.4.5,11.4.6,11.4.8,11.4.10,11.4.17,11.4.27,11.4.34,11.4.44,11.4.50,11.4.66,11.4.69,11.4.85,11.4.99,11.4.101,11.4.106,11.4.107,11.4.108,11.4.118,11.4.120,11.4.124,11.4.126,11.4.128,11.4.134,11.4.135,11.4.150,11.4.152,11.4.153,11.4.161,11.4.169,11.4.183,11.4.184,11.4.185,11.4.190,11.4.197,11.4.198,11.4.200,11.4.201,11.4.209,11.4.212,11.4.223,11.4.224,11.4.226,11.4.227,11.4.231,11.4.235,11.4.236,11.4.238,11.4.246,11.4.257,11.4.258,11.4.259,11.4.261,11.4.262,11.4.265
11.4.261	MUST=3,NEVER=1,FORBIDDEN=0	11.4.3,11.4.6,11.4.15,11.4.16,11.4.17,11.4.34,11.4.44,11.4.66,11.4.87,11.4.94,11.4.95,11.4.97,11.4.101,11.4.103,11.4.107,11.4.113,11.4.115,11.4.116,11.4.118,11.4.124,11.4.126,11.4.135,11.4.148,11.4.161,11.4.197,11.4.201,11.4.223,11.4.224,11.4.226,11.4.233,11.4.238
11.4.262	MUST=2,NEVER=1,FORBIDDEN=1	11.4,11.4.1,11.4.5,11.4.6,11.4.13,11.4.15,11.4.17,11.4.20,11.4.27,11.4.50,11.4.66,11.4.69,11.4.85,11.4.98,11.4.107,11.4.108,11.4.110,11.4.115,11.4.116,11.4.117,11.4.126,11.4.128,11.4.135,11.4.169,11.4.185,11.4.198,11.4.201,11.4.207,11.4.226,11.4.236,11.4.238,11.4.259,11.4.260,11.4.261
11.4.263	MUST=4,NEVER=1,FORBIDDEN=0	11.4.1,11.4.4,11.4.5,11.4.6,11.4.85,11.4.107,11.4.115,11.4.125,11.4.126,11.4.142,11.4.194,11.4.201,11.4.225,11.4.226
11.4.264	MUST=5,NEVER=1,FORBIDDEN=0	1.1,11.4,11.4.1,11.4.6,11.4.10,11.4.17,11.4.35,11.4.108,11.4.111,11.4.151,11.4.200,11.4.227,11.4.235,11.4.246,11.4.248,11.4.252,11.4.265
11.4.265	MUST=5,NEVER=1,FORBIDDEN=0	1.1,11.4,11.4.1,11.4.3,11.4.5,11.4.6,11.4.17,11.4.35,11.4.50,11.4.69,11.4.107,11.4.185,11.4.201,11.4.227,11.4.235,11.4.238,11.4.239,11.4.240,11.4.252,11.4.254,11.4.262,11.4.264
11.4.266	MUST=5,NEVER=0,FORBIDDEN=0	1.1,11.4,11.4.1,11.4.6,11.4.17,11.4.25,11.4.27,11.4.35,11.4.52,11.4.106,11.4.108,11.4.115,11.4.118,11.4.124,11.4.135,11.4.146,11.4.169,11.4.186,11.4.196,11.4.197,11.4.212,11.4.224,11.4.226,11.4.227,11.4.236,11.4.238,11.4.240,11.4.245,11.4.249,11.4.251,11.4.254,11.4.257,11.4.259,11.4.262
11.4.267	MUST=10,NEVER=0,FORBIDDEN=0	1.1,11.4.6,11.4.17,11.4.20,11.4.21,11.4.35,11.4.66,11.4.70,11.4.87,11.4.93,11.4.94,11.4.97,11.4.101,11.4.102,11.4.115,11.4.116,11.4.126,11.4.146,11.4.147,11.4.176,11.4.187,11.4.196,11.4.197,11.4.199,11.4.227,11.4.231,11.4.232,11.4.240,11.4.249,11.4.262
11.4.268	MUST=10,NEVER=0,FORBIDDEN=0	1.1,9.2,11.4.5,11.4.6,11.4.17,11.4.35,11.4.69,11.4.115,11.4.116,11.4.201,11.4.205,11.4.207,11.4.226,11.4.227,11.4.240,11.4.262
11.4.269	MUST=6,NEVER=0,FORBIDDEN=0	1.1,11.4.6,11.4.17,11.4.35,11.4.69,11.4.102,11.4.115,11.4.125,11.4.134,11.4.142,11.4.165,11.4.201,11.4.209,11.4.227,11.4.237,11.4.240,11.4.249,11.4.256,11.4.268
11.4.270	MUST=4,NEVER=0,FORBIDDEN=0	1.1,11.4.6,11.4.17,11.4.31,11.4.35,11.4.69,11.4.74,11.4.111,11.4.124,11.4.150,11.4.196,11.4.201,11.4.227,11.4.244,11.4.246
11.4.271	MUST=5,NEVER=0,FORBIDDEN=0	1.1,11.4.6,11.4.15,11.4.16,11.4.17,11.4.21,11.4.33,11.4.35,11.4.54,11.4.90,11.4.115,11.4.146,11.4.197,11.4.234,11.4.236,11.4.240,11.4.248,11.4.261
11.4.272	MUST=14,NEVER=1,FORBIDDEN=1	1.1,9.2,11.4.6,11.4.17,11.4.28,11.4.35,11.4.74,11.4.80,11.4.102,11.4.119,11.4.122,11.4.141,11.4.164,11.4.174,11.4.176,11.4.177,11.4.180,11.4.201,11.4.227
11.4.273	MUST=2,NEVER=0,FORBIDDEN=0	1.1,11.4.2,11.4.5,11.4.6,11.4.17,11.4.35,11.4.107,11.4.118,11.4.201,11.4.227
11.4.274	MUST=2,NEVER=0,FORBIDDEN=0	1.1,11.4.5,11.4.6,11.4.17,11.4.18,11.4.35,11.4.50,11.4.102,11.4.124,11.4.125,11.4.141,11.4.142,11.4.194,11.4.201,11.4.227,11.4.273
11.4.275	MUST=3,NEVER=0,FORBIDDEN=0	1.1,11.4.3,11.4.6,11.4.10,11.4.17,11.4.28,11.4.35,11.4.50,11.4.65,11.4.66,11.4.78,11.4.79,11.4.80,11.4.96,11.4.99,11.4.102,11.4.141,11.4.161,11.4.177,11.4.196,11.4.197,11.4.201,11.4.224,11.4.227,11.4.232,11.4.273
11.4.276	MUST=9,NEVER=0,FORBIDDEN=0	1.1,11.4.6,11.4.66,11.4.101,11.4.102,11.4.125,11.4.134,11.4.142,11.4.148,11.4.194,11.4.197,11.4.201,11.4.209,11.4.214,11.4.224,11.4.226,11.4.235,11.4.238,11.4.240,11.4.250,11.4.267,11.4.271
12.1	MUST=1,NEVER=0,FORBIDDEN=0	-
12.2	MUST=1,NEVER=0,FORBIDDEN=0	-
12.3	MUST=1,NEVER=0,FORBIDDEN=0	-
12.6	MUST=2,NEVER=0,FORBIDDEN=0	11.4
12.10	MUST=4,NEVER=0,FORBIDDEN=0	-
12.11	MUST=1,NEVER=0,FORBIDDEN=0	9.2,11.4.6,11.4.24,11.4.35,11.4.133,12.1,12.2,12.3,12.6,12.10
12.12	MUST=6,NEVER=1,FORBIDDEN=0	1.1,9.2,11.4.6,11.4.17,11.4.35,11.4.58,11.4.101,11.4.103,11.4.122,12,12.6,12.7
