# project_gate_ledger.tsv - identity: catalogizer 001-full-project-audit-remediation WP-08 T087, rev 1, 2026-10-05, draft UNREVIEWED; rev 2 2026-10-05 adds the canon ticket-id gate named by docs/04 (12 deferrals)
# Schema (TAB): name  IMPLEMENTED|DEFERRED  site-path|tracked-item-id (modelled on the canon gate_ledger_deferrals.tsv)
# Deferral refs are INTERIM: the register (T069) is not live, so no real item id exists; UNCONFIRMED until T092 mints them.
CM-PROJECT-GATE-LEDGER-RATCHET	IMPLEMENTED	scripts/ledger/project_gate_ledger_ratchet.sh
CM-ATM-TICKET-IDS-COMPLETE	DEFERRED	PENDING-REGISTER-ITEM(after T069)
CM-DEDICATED-HOOK-VALIDATION-SCRIPT	DEFERRED	PENDING-REGISTER-ITEM(after T069)
CM-HOOKS-NEVER-BLOCK-PUSH	DEFERRED	PENDING-REGISTER-ITEM(after T069)
CM-QA-BANK-ID-FLOOR	DEFERRED	PENDING-REGISTER-ITEM(after T069)
CM-QA-BANK-NO-PLACEHOLDER	DEFERRED	PENDING-REGISTER-ITEM(after T069)
CM-QA-BLOCKED-NOT-PASS	DEFERRED	PENDING-REGISTER-ITEM(after T069)
CM-QA-CASE-ASSERTS	DEFERRED	PENDING-REGISTER-ITEM(after T069)
CM-QA-CASE-CATCHABLE	DEFERRED	PENDING-REGISTER-ITEM(after T069)
CM-QA-ESCAPE-RATCHET	DEFERRED	PENDING-REGISTER-ITEM(after T069)
CM-QA-NO-SKIP-IN-DETERMINISTIC-LANE	DEFERRED	PENDING-REGISTER-ITEM(after T069)
CM-REVIEW-FINDING-CLASS-RECORDED	DEFERRED	PENDING-REGISTER-ITEM(after T069)
CM-TOOLING-PROJECT-DECOUPLED	DEFERRED	PENDING-REGISTER-ITEM(after T069)
