# identity: T283a seeding review queue, 2026-10-08. Rows of task_citations.tsv whose keyword is NOT an exact backticked/marker token shared with the citing paragraph.
# columns: file, line, id, how(word|title), keyword
README.md	8	T005c	word	keyring
README.md	8	T005d	word	bootstrap
README.md	8	T006a	word	dispatcher
README.md	8	T048a	word	analyze
README.md	8	T051a	word	comparison
README.md	8	T053	word	evidence
README.md	8	T084a	word	outputs
README.md	8	T093a	word	changing
README.md	8	T094d	word	replaces
README.md	8	T137a	word	dispatcher
README.md	8	T225a	word	counted
README.md	8	T225b	word	partition
README.md	8	T225c	word	handled
README.md	8	T241a	word	handled
README.md	8	T248a	word	bootstrap
README.md	8	T254a	word	partition
README.md	8	T272a	word	partition
README.md	8	T277a	word	integration
README.md	8	T288a	word	citation
README.md	8	T322a	word	contract
README.md	8	T420a	word	whenever
README.md	8	T434a	word	packages
README.md	8	T435b	word	whenever
README.md	8	T440b	word	unreviewed
README.md	8	T442b	word	whenever
README.md	8	T448a	word	resolution
README.md	8	T462a	word	implementation
README.md	8	T566a	word	whenever
README.md	8	T570a	word	whenever
README.md	8	T574a	word	analyze
README.md	8	T580c	word	gitlinks
README.md	43	T012a	word	decisions
README.md	43	T042a	word	remediation
README.md	43	T045a	word	analyze
README.md	43	T046a	word	current
README.md	43	T067a	word	remediation
README.md	43	T081a	word	analyze
README.md	43	T084a	word	answered
README.md	43	T134a	title	BLOCKED-ON ODG-08
README.md	43	T175a	title	(FR-001, FR-012, SC-001, SC-00
README.md	43	T225a	title	Index-first query helper
README.md	43	T225b	title	Registry snapshot
README.md	43	T225c	word	evidence
README.md	43	T225d	word	acceptance
README.md	43	T240a	title	`catalogizer-api-client/` unit
README.md	43	T241a	word	evidence
README.md	43	T248a	title	Kotlin bluff detector
README.md	43	T254a	word	evidence
README.md	43	T254b	word	package
README.md	43	T272a	word	evidence
README.md	43	T277a	title	`examples/helixcode-qa-integra
README.md	43	T283a	word	evidence
README.md	43	T288a	word	evidence
README.md	43	T288b	title	After the release of the T288a verdict
README.md	43	T308a	word	acceptance
README.md	43	T318a	title	After the release of the T322a verdict
README.md	43	T322a	title	G-GATE review by ST-REV on Opus at xhigh of the held commits
README.md	43	T334a	word	machine
README.md	43	T336a	title	G-GATE review by ST-REV on Opus at xhigh of the held commits
README.md	43	T394a	word	packages
README.md	43	T420a	word	evidence
README.md	43	T429a	word	analyze
README.md	43	T434a	word	packages
README.md	43	T435b	word	acceptance
README.md	43	T435c	word	reports
README.md	43	T440b	title	(FR-017, FR-018, SC-009) ST-RE
README.md	43	T440c	word	evidence
README.md	43	T442a	word	revisions
README.md	43	T442b	title	G-GATE review by ST-REV of T442a before its first use in T44
README.md	43	T447b	word	measured
README.md	43	T448a	word	reports
README.md	43	T456a	word	evidence
README.md	43	T456b	title	ST-REV review of every T456a change set with its RED test
README.md	43	T456c	word	evidence
README.md	43	T462a	word	acceptance
README.md	43	T504a	word	reports
README.md	43	T530a	word	section
README.md	43	T548a	word	current
README.md	43	T561a	word	answered
README.md	43	T564a	title	(FR-021, FR-025, SC-005) QA-de
README.md	43	T566a	title	G-GATE review by ST-REV of
README.md	43	T570a	title	G-GATE review by ST-REV
README.md	43	T574a	word	analyze
README.md	43	T579a	word	evidence
README.md	43	T580a	word	decisions
README.md	43	T580b	word	decisions
README.md	43	T580c	word	current
README.md	43	T580d	title	(FR-006, FR-017, FR-023, SC-00
README.md	43	T580f	word	revision
README.md	43	T595a	word	evidence
README.md	43	T595b	word	measured
README.md	158	T303	word	exclusions
checklists/round25-residue.md	19	T164	word	snapshot
checklists/round25-residue.md	19	T167	word	journal
checklists/round25-residue.md	20	T235	word	fixture_roots
checklists/round25-residue.md	20	T267	title	WS2 detection
checklists/round25-residue.md	21	T359	word	covered
checklists/round25-residue.md	21	T395	word	covered
checklists/round25-residue.md	21	T411	word	reviews
checklists/round25-residue.md	21	T428	word	reviews
checklists/round25-residue.md	21	T572	word	survivor
checklists/round25-residue.md	25	T240a	word	scanner
checklists/round25-residue.md	25	T245	word	missing
checklists/round25-residue.md	25	T260	word	finding
checklists/round25-residue.md	25	T261	word	missing
checklists/round25-residue.md	25	T277	word	classes
checklists/round25-residue.md	25	T451	word	fingerprint
checklists/round25-residue.md	35	T041	word	predicate
checklists/round25-residue.md	35	T043	word	predicate
checklists/round25-residue.md	35	T090	word	worktree
checklists/round25-residue.md	35	T095	word	predicate
checklists/round25-residue.md	38	T040	word	exclusions
checklists/round25-residue.md	39	T166	word	mutations
checklists/round25-residue.md	39	T204	word	containers
checklists/round25-residue.md	40	T232	word	scripts
checklists/round25-residue.md	40	T235	word	scripts
checklists/round25-residue.md	40	T267	word	scripts
checklists/round25-residue.md	43	T572	word	whether
checklists/round25-residue.md	44	T359	title	G-SECURITY review by ST-REV of every WP-50 change set before
checklists/round25-residue.md	44	T395	word	scripts
checklists/round25-residue.md	44	T411	title	G-SECURITY review by ST-REV of T400
checklists/round25-residue.md	44	T428	title	G-SECURITY review by ST-REV of T413
checklists/round25-residue.md	48	T451	word	depends
checklists/round25-residue.md	49	T245	word	depends
checklists/round25-residue.md	49	T260	word	finding
checklists/round25-residue.md	49	T261	word	finding
checklists/round25-residue.md	50	T244	word	terminal
checklists/round25-residue.md	58	T095	word	ungated
checklists/round25-residue.md	59	T102	title	ST-GOV human checkpoint HC-1b
checklists/round25-residue.md	59	T218	word	local_allowlist
checklists/round25-residue.md	59	T219	word	local_allowlist
checklists/round25-residue.md	60	T306	word	unit_kinds
checklists/round25-residue.md	77	T269	word	conflict
checklists/round25-residue.md	77	T337	word	blocked
checklists/round25-residue.md	77	T580c	word	refuses
checklists/round25-residue.md	81	T007	word	tracked
checklists/round25-residue.md	81	T039	word	summary
checklists/round25-residue.md	81	T043	word	instead
checklists/round25-residue.md	81	T094d	word	instead
checklists/round25-residue.md	81	T095	word	matched
checklists/round25-residue.md	81	T117	title	ST-REV reviews Containerfiles with their T106 test
checklists/round25-residue.md	81	T121a	word	deleted
checklists/round25-residue.md	81	T134	word	reviewed
checklists/round25-residue.md	81	T134a	title	BLOCKED-ON ODG-08
checklists/round25-residue.md	81	T142	word	matched
checklists/round25-residue.md	81	T159	word	changes
checklists/round25-residue.md	81	T174	word	disposition
checklists/round25-residue.md	81	T201	word	reports
checklists/round25-residue.md	81	T212	word	reviewed
checklists/round25-residue.md	81	T220	word	nothing
checklists/round25-residue.md	81	T237	word	finding
checklists/round25-residue.md	81	T248	word	finding
checklists/round25-residue.md	81	T250	word	finding
checklists/round25-residue.md	81	T254	word	UNCONFIRMED
checklists/round25-residue.md	81	T334	word	changes
checklists/round25-residue.md	81	T336a	word	changes
checklists/round25-residue.md	81	T337	title	Human checkpoint HC-4
checklists/round25-residue.md	81	T571	word	section
checklists/round25-residue.md	81	T580f	word	changes
checklists/round25-residue.md	88	T047	word	exactly
checklists/round25-residue.md	96	T330	word	inventory
checklists/round25-residue.md	96	T336a	word	require
checklists/round25-residue.md	100	T518	word	sc011_status
checklists/round25-residue.md	100	T519	word	sc011_status
checklists/round25-residue.md	105	T201	word	elf_needed
checklists/round25-residue.md	106	T269	word	outside
checklists/round25-residue.md	106	T337	word	depends
checklists/round25-residue.md	107	T570	word	outside
checklists/round25-residue.md	107	T580c	word	outside
checklists/round25-residue.md	125	T565	word	refused
checklists/round25-residue.md	134	T167	word	submodules
checklists/round25-residue.md	135	T106	word	tracked
checklists/round25-residue.md	135	T114	title	Pin the third-party images of the compose files that no othe
checklists/round25-residue.md	136	T322	word	consumer
checklists/round25-residue.md	136	T336	word	consumer
checklists/round25-residue.md	137	T330	word	consumer
checklists/round25-residue.md	138	T336a	word	consumer
checklists/round25-residue.md	141	T580f	word	iteration
checklists/round25-residue.md	142	T514	word	working
checklists/round25-residue.md	142	T518	word	missing
checklists/round25-residue.md	145	T064	word	symlinked
checklists/round25-residue.md	145	T095	word	Release
checklists/round25-residue.md	146	T032	word	UNCONFIRMED
checklists/round25-residue.md	146	T050	word	checked
checklists/round25-residue.md	146	T164	word	checked
checklists/round25-residue.md	146	T166	word	reg_sources
checklists/round25-residue.md	147	T265	word	mutation
checklists/round25-residue.md	147	T273	title	Docker and compose hygiene over the root
checklists/round25-residue.md	147	T274	title	Review
checklists/round25-residue.md	147	T280	word	checker
checklists/round25-residue.md	147	T281	title	Classify the documentation scope in
checklists/round25-residue.md	147	T284	word	catalog
checklists/round25-residue.md	147	T285	word	catalog
checklists/round25-residue.md	147	T290	title	WP-14-02 harness core under
checklists/round25-residue.md	147	T292	title	WP-14-04 instrumentation needed to measure
checklists/round25-residue.md	147	T293	title	WP-14-05 Go benchmark baselines
checklists/round25-residue.md	147	T298	word	fixtures
checklists/round25-residue.md	148	T519	word	sc011_status
checklists/round25-residue.md	153	T004	word	coverage
checklists/round25-residue.md	153	T007	word	depends
checklists/round25-residue.md	153	T049	word	nothing
checklists/round25-residue.md	153	T050	word	nothing
checklists/round25-residue.md	153	T121a	word	UNCONFIRMED
checklists/round25-residue.md	153	T164	word	matched
checklists/round25-residue.md	153	T166	word	written
checklists/round25-residue.md	153	T265	word	depends
checklists/round25-residue.md	153	T273	word	reviews
checklists/round25-residue.md	153	T274	word	nothing
checklists/round25-residue.md	153	T284	word	depends
checklists/round25-residue.md	153	T285	word	depends
checklists/round25-residue.md	153	T290	word	depends
checklists/round25-residue.md	153	T292	word	depends
checklists/round25-residue.md	153	T293	word	depends
checklists/round25-residue.md	153	T298	word	finding
checklists/round25-residue.md	153	T322	word	finding
checklists/round25-residue.md	153	T336	word	reviews
checklists/round25-residue.md	153	T518	word	written
checklists/round25-residue.md	153	T519	word	reviews
checklists/round25-residue.md	153	T569	word	reviews
checklists/round25-residue.md	153	T595b	word	nothing
checklists/round25-residue.md	155	T569	word	released
checklists/round25-residue.md	158	T114	word	aligned
checklists/round25-residue.md	158	T164	word	listing
checklists/round25-residue.md	158	T166	word	mutations
checklists/round25-residue.md	159	T336	word	authored
checklists/round25-residue.md	160	T518	word	sc011_status
checklists/round25-residue.md	160	T519	word	sc011_status
checklists/round25-residue.md	176	T047	word	provenance
checklists/round25-residue.md	179	T326	word	newline
checklists/round25-residue.md	179	T336a	word	listing
checklists/round25-residue.md	180	T517	title	WP-14-16 soak
checklists/round25-residue.md	183	T001	word	reached
checklists/round25-residue.md	183	T567	word	fingerprint
checklists/round25-residue.md	187	T047	word	admitted
checklists/round25-residue.md	187	T049	word	unreadable
checklists/round25-residue.md	187	T056	word	unreadable
checklists/round25-residue.md	187	T094d	word	adoption
checklists/round25-residue.md	187	T095	word	UNCONFIRMED
checklists/round25-residue.md	189	T337	word	decision
checklists/round25-residue.md	195	T001	word	mutations
checklists/round25-residue.md	195	T047	word	introduction
checklists/round25-residue.md	195	T049	word	nothing
checklists/round25-residue.md	195	T050	word	nothing
checklists/round25-residue.md	195	T064	word	mutations
checklists/round25-residue.md	195	T094c	word	provenance
checklists/round25-residue.md	195	T326	word	without
checklists/round25-residue.md	195	T517	word	depends
checklists/round25-residue.md	195	T570a	word	fixtures
checklists/round25-residue.md	195	T580a	word	carrying
checklists/round25-residue.md	195	T580b	word	UNCONFIRMED
checklists/round25-residue.md	195	T580f	word	carrying
checklists/round25-residue.md	195	T581	word	foreign
checklists/round25-residue.md	198	T094c	word	precheck
checklists/round25-residue.md	199	T094c	word	precheck
checklists/round25-residue.md	200	T049	word	working
checklists/round25-residue.md	200	T056	word	reading
checklists/round25-residue.md	202	T318a	word	reviews
checklists/round25-residue.md	202	T326	word	without
checklists/round25-residue.md	202	T337	word	default
checklists/round25-residue.md	204	T457	word	precondition
checklists/round25-residue.md	204	T517	word	depends
checklists/round25-residue.md	223	T167	word	population
checklists/round25-residue.md	227	T326	word	provider
checklists/round25-residue.md	228	T580f	word	conductor
checklists/round25-residue.md	229	T050	word	conductor
checklists/round25-residue.md	230	T580a	word	sc005_verdict_check
checklists/round25-residue.md	230	T582	word	sc005_verdict_check
checklists/round25-residue.md	233	T095	word	covering
checklists/round25-residue.md	235	T336a	word	covering
checklists/round25-residue.md	241	T001	word	CPA_RUN
checklists/round25-residue.md	241	T049	word	depends
checklists/round25-residue.md	241	T050	word	fixtures
checklists/round25-residue.md	241	T064	word	fixtures
checklists/round25-residue.md	241	T094d	word	deciding
checklists/round25-residue.md	241	T166	word	depends
checklists/round25-residue.md	241	T172	word	depends
checklists/round25-residue.md	241	T334	word	depends
checklists/round25-residue.md	241	T334a	word	UNCONFIRMED
checklists/round25-residue.md	241	T567	word	depends
checklists/round25-residue.md	241	T580b	word	installed
checklists/round25-residue.md	251	T308	word	depends
checklists/round25-residue.md	269	T047	word	installed
checklists/round25-residue.md	272	T161	word	readers
checklists/round25-residue.md	275	T302	word	tracked
checklists/round25-residue.md	276	T383	word	inventory
checklists/round25-residue.md	276	T399	word	inventory
checklists/round25-residue.md	280	T580d	word	outputs
checklists/round25-residue.md	284	T064a	word	control
checklists/round25-residue.md	284	T164	word	locator
checklists/round25-residue.md	284	T166	word	locator
checklists/round25-residue.md	284	T172	word	locator
checklists/round25-residue.md	286	T580e	word	retrying
checklists/round25-residue.md	290	T282	word	installed
checklists/round25-residue.md	296	T004	word	control
checklists/round25-residue.md	299	T176	word	measured
checklists/round25-residue.md	300	T256	word	recorded
checklists/round25-residue.md	300	T265	word	observed
checklists/round25-residue.md	300	T266	title	ODG-36 mechanical check
checklists/round25-residue.md	300	T399	word	whether
checklists/round25-residue.md	323	T288b	word	working
checklists/round25-residue.md	323	T318	word	validate_checks
checklists/round25-residue.md	323	T318a	word	approval
checklists/round25-residue.md	341	T082	word	finding
checklists/round25-residue.md	342	T564a	word	released
checklists/round25-residue.md	342	T569	word	closure
checklists/round25-residue.md	342	T582	word	compared
checklists/round25-residue.md	344	T582	word	compared
checklists/round25-residue.md	344	T583	word	approval
checklists/round25-residue.md	344	T593	word	closure
checklists/round25-residue.md	347	T046	word	precondition
checklists/round25-residue.md	349	T457	word	precondition
checklists/round25-residue.md	349	T557	word	precondition
checklists/round25-residue.md	349	T567	word	contracts
checklists/round25-residue.md	350	T442a	word	lagging
checklists/round25-residue.md	350	T457	word	citation
checklists/round25-residue.md	350	T557	word	citation
checklists/round25-residue.md	350	T567	word	nothing
checklists/round25-residue.md	354	T001	word	through
checklists/round25-residue.md	354	T005b	word	defined
checklists/round25-residue.md	354	T005c	word	depends
checklists/round25-residue.md	354	T010	word	checked
checklists/round25-residue.md	354	T037	title	ST-REV G-GATE review of
checklists/round25-residue.md	354	T040	word	convention
checklists/round25-residue.md	354	T043	word	forward
checklists/round25-residue.md	354	T045	word	through
checklists/round25-residue.md	354	T046	word	depends
checklists/round25-residue.md	354	T046a	word	depends
checklists/round25-residue.md	354	T047	word	forward
checklists/round25-residue.md	354	T082	word	depends
checklists/round25-residue.md	354	T093	word	depends
checklists/round25-residue.md	354	T094	word	depends
checklists/round25-residue.md	354	T094c	word	checked
checklists/round25-residue.md	354	T094d	word	checked
checklists/round25-residue.md	354	T095	word	separates
checklists/round25-residue.md	354	T117	word	depends
checklists/round25-residue.md	354	T121b	word	defined
checklists/round25-residue.md	354	T126	word	changed
checklists/round25-residue.md	354	T136	word	depends
checklists/round25-residue.md	354	T139	word	decisions
checklists/round25-residue.md	354	T147	word	depends
checklists/round25-residue.md	354	T158	word	depends
checklists/round25-residue.md	354	T159	word	changed
checklists/round25-residue.md	354	T175a	word	between
checklists/round25-residue.md	354	T177	word	depends
checklists/round25-residue.md	354	T211	word	depends
checklists/round25-residue.md	354	T214	word	depends
checklists/round25-residue.md	354	T219	word	depends
checklists/round25-residue.md	354	T220	word	checked
checklists/round25-residue.md	354	T283	word	depends
checklists/round25-residue.md	354	T283a	word	defined
checklists/round25-residue.md	354	T288a	word	depends
checklists/round25-residue.md	354	T288b	word	changed
checklists/round25-residue.md	354	T307	word	depends
checklists/round25-residue.md	354	T308a	word	checked
checklists/round25-residue.md	354	T313	word	depends
checklists/round25-residue.md	354	T318	word	between
checklists/round25-residue.md	354	T318a	word	depends
checklists/round25-residue.md	354	T322a	word	depends
checklists/round25-residue.md	354	T336a	word	checked
checklists/round25-residue.md	354	T383	word	depends
checklists/round25-residue.md	354	T394a	word	UNCONFIRMED
checklists/round25-residue.md	354	T399	word	depends
checklists/round25-residue.md	354	T413	word	depends
checklists/round25-residue.md	354	T442a	word	checked
checklists/round25-residue.md	354	T457	word	changed
checklists/round25-residue.md	354	T514	word	depends
checklists/round25-residue.md	354	T557	word	changed
checklists/round25-residue.md	354	T564	word	depends
checklists/round25-residue.md	354	T564a	word	depends
checklists/round25-residue.md	354	T565	word	depends
checklists/round25-residue.md	354	T567	word	depends
checklists/round25-residue.md	354	T569	word	depends
checklists/round25-residue.md	354	T580d	word	changed
checklists/round25-residue.md	354	T582	word	answers
checklists/round25-residue.md	354	T583	word	checked
checklists/round25-residue.md	354	T593	word	answers
checklists/round25-residue.md	356	T012a	word	answers
checklists/round25-residue.md	366	T567	word	written
checklists/round25-residue.md	375	T564a	word	approved
checklists/round25-residue.md	392	T047	word	cpa_code
checklists/round25-residue.md	392	T288b	word	harness
checklists/round25-residue.md	392	T318a	word	removed
checklists/round25-residue.md	393	T564a	word	precheck
checklists/round25-residue.md	393	T569	word	released
checklists/round25-residue.md	393	T582	word	objects
checklists/round25-residue.md	401	T178	word	deferral
checklists/round25-residue.md	419	T335	word	can_i_deploy
checklists/round25-residue.md	421	T561a	word	approval
checklists/round25-residue.md	421	T566	word	missing
checklists/round25-residue.md	421	T580a	word	producing
checklists/round25-residue.md	421	T580e	word	producing
checklists/round25-residue.md	421	T582	word	can_i_deploy
checklists/round25-residue.md	445	T089	title	Implement
checklists/round25-residue.md	447	T549	word	configuration
checklists/round25-residue.md	455	T138	word	reviews
checklists/round25-residue.md	459	T039	word	followed
checklists/round25-residue.md	459	T138	word	adoption
checklists/round25-residue.md	464	T046	word	wording
checklists/round25-residue.md	474	T088	word	process
checklists/round25-residue.md	474	T090	word	process
checklists/round25-residue.md	474	T095	word	residual
checklists/round25-residue.md	477	T593	word	earlier
checklists/round25-residue.md	483	T090	word	project_not_trusted
checklists/round25-residue.md	484	T090	word	project_not_trusted
checklists/round25-residue.md	492	T288b	word	equality
checklists/round25-residue.md	492	T318a	word	equality
checklists/round25-residue.md	500	T046	word	revision
checklists/round25-residue.md	527	T045a	word	confirmation
checklists/round25-residue.md	527	T081a	word	reversible
checklists/round25-residue.md	527	T087a	word	reversible
checklists/round25-residue.md	527	T429a	word	amended
checklists/round25-residue.md	527	T574a	word	analyze
checklists/round25-residue.md	532	T085	word	because
checklists/round25-residue.md	536	T139a	word	commits
checklists/round25-residue.md	537	T539	word	lockstep
checklists/round25-residue.md	539	T069	word	reviews
checklists/round25-residue.md	539	T206	word	partial
checklists/round25-residue.md	540	T049	word	contracts
checklists/round25-residue.md	540	T050	word	partial
checklists/round25-residue.md	548	T191	word	tracker
checklists/round25-residue.md	549	T085	word	ratification
checklists/round25-residue.md	549	T093a	word	continuation
checklists/round25-residue.md	549	T094b	word	ratification
checklists/round25-residue.md	551	T566	word	refuses
checklists/round25-residue.md	555	T176	word	subcommand
checklists/round25-residue.md	558	T093a	word	continuation
checklists/round25-residue.md	569	T081a	word	stricter
checklists/round25-residue.md	569	T085	word	ratification
checklists/round25-residue.md	572	T087a	word	brownfield
checklists/round25-residue.md	572	T561a	word	analyze
checklists/round25-residue.md	583	T014	word	confirmation
checklists/round25-residue.md	583	T051a	word	analyze
checklists/round25-residue.md	583	T530a	word	analyze
checklists/round25-residue.md	583	T577	word	depends
contracts/README.md	57	T549	word	claim_ledger
contracts/README.md	59	T016	word	python3
contracts/README.md	59	T160	word	evidence
contracts/README.md	59	T224	word	description
contracts/README.md	69	T312	word	server_routes
contracts/README.md	69	T319	word	becomes
contracts/review-verdict.schema.json	207	T308a	word	authored
contracts/review-verdict.schema.json	207	T594	title	Final anchor
contracts/review-verdict.schema.json	207	T595a	word	records
data-model.md	9	T574a	word	requires
data-model.md	183	T225a	word	counted
data-model.md	183	T225b	word	partition
data-model.md	195	T050	word	started_at
data-model.md	269	T455	word	structurally
data-model.md	388	T595b	word	reopening
data-model.md	407	T564a	word	readiness
decisions/owner-request-list.md	9	T012	word	decisions
decisions/owner-request-list.md	81	T006a	word	capacity
decisions/owner-request-list.md	137	T071	word	Operator
decisions/owner-request-list.md	228	T525	word	answers
docs/01-system-architecture-map.md	8	T168	word	planned
docs/01-system-architecture-map.md	268	T168	word	imports
docs/02-audit-methodology-and-index-strategy.md	8	T045a	word	exceptions
docs/02-audit-methodology-and-index-strategy.md	8	T087a	word	analyze
docs/02-audit-methodology-and-index-strategy.md	8	T225b	word	answers
docs/02-audit-methodology-and-index-strategy.md	8	T265	word	gitleaks
docs/02-audit-methodology-and-index-strategy.md	8	T273	word	deployment
docs/02-audit-methodology-and-index-strategy.md	8	T274	word	nothing
docs/02-audit-methodology-and-index-strategy.md	8	T280	word	timestamp
docs/02-audit-methodology-and-index-strategy.md	8	T281	word	documentation
docs/02-audit-methodology-and-index-strategy.md	8	T284	word	deployment
docs/02-audit-methodology-and-index-strategy.md	8	T285	word	outputs
docs/02-audit-methodology-and-index-strategy.md	8	T290	word	environment
docs/02-audit-methodology-and-index-strategy.md	8	T292	word	patches
docs/02-audit-methodology-and-index-strategy.md	8	T293	word	patches
docs/02-audit-methodology-and-index-strategy.md	8	T574a	word	summary
docs/02-audit-methodology-and-index-strategy.md	60	T225a	word	results
docs/02-audit-methodology-and-index-strategy.md	589	T225	word	decides
docs/02-audit-methodology-and-index-strategy.md	589	T301	title	Run T298 on the two derived index files
docs/02-audit-methodology-and-index-strategy.md	645	T229	word	writing
docs/02-audit-methodology-and-index-strategy.md	645	T238	word	scratch
docs/02-audit-methodology-and-index-strategy.md	645	T249	word	outputs
docs/02-audit-methodology-and-index-strategy.md	645	T292	word	measurement
docs/02-audit-methodology-and-index-strategy.md	645	T293	word	measurement
docs/02-audit-methodology-and-index-strategy.md	667	T306	word	corrected
docs/02-audit-methodology-and-index-strategy.md	782	T264	word	redaction
docs/02-audit-methodology-and-index-strategy.md	841	T300	word	excepted
docs/03-existing-issue-inventory.md	8	T045a	word	absolute
docs/03-existing-issue-inventory.md	8	T081a	word	analyze
docs/03-existing-issue-inventory.md	8	T429a	word	analyze
docs/04-findings-register-design.md	8	T081a	word	regenerated
docs/04-findings-register-design.md	8	T225a	word	results
docs/04-findings-register-design.md	8	T225b	word	partition
docs/04-findings-register-design.md	8	T399	word	renamed
docs/04-findings-register-design.md	8	T429a	word	confirms
docs/04-findings-register-design.md	223	T566	word	conventions
docs/04-findings-register-design.md	227	T225a	word	partition
docs/04-findings-register-design.md	227	T225b	word	partition
docs/04-findings-register-design.md	236	T287	word	citation
docs/04-findings-register-design.md	1176	T574	word	register
docs/04-findings-register-design.md	1289	T168	word	mutating
docs/04-findings-register-design.md	1835	T190	title	Create consumer config
docs/05-test-strategy-and-coverage-matrix.md	8	T574a	word	analyze
docs/05-test-strategy-and-coverage-matrix.md	613	T200	word	exclusion
docs/05-test-strategy-and-coverage-matrix.md	684	T580a	word	sc005_verdict_check
docs/05-test-strategy-and-coverage-matrix.md	700	T582	word	revision
docs/05-test-strategy-and-coverage-matrix.md	707	T580a	word	sibling
docs/05-test-strategy-and-coverage-matrix.md	714	T581	word	iteration
docs/05-test-strategy-and-coverage-matrix.md	788	T569	word	can_i_deploy
docs/05-test-strategy-and-coverage-matrix.md	788	T582	word	can_i_deploy
docs/05-test-strategy-and-coverage-matrix.md	792	T335	word	published
docs/05-test-strategy-and-coverage-matrix.md	792	T566	word	verification
docs/05-test-strategy-and-coverage-matrix.md	793	T569	word	published
docs/05-test-strategy-and-coverage-matrix.md	794	T582	word	published
docs/05-test-strategy-and-coverage-matrix.md	910	T473	word	registry
docs/05-test-strategy-and-coverage-matrix.md	956	T005b	word	authenticated
docs/05-test-strategy-and-coverage-matrix.md	1114	T447b	word	candidate
docs/05-test-strategy-and-coverage-matrix.md	1115	T504a	word	written
docs/05-test-strategy-and-coverage-matrix.md	1115	T514	word	candidate
docs/05-test-strategy-and-coverage-matrix.md	1115	T554	word	candidate
docs/05-test-strategy-and-coverage-matrix.md	1115	T564a	word	candidate
docs/05-test-strategy-and-coverage-matrix.md	1115	T569	word	Release
docs/05-test-strategy-and-coverage-matrix.md	1115	T570	word	candidate
docs/05-test-strategy-and-coverage-matrix.md	1115	T580e	word	candidate
docs/05-test-strategy-and-coverage-matrix.md	1115	T580f	word	revision
docs/05-test-strategy-and-coverage-matrix.md	1115	T582	word	revision
docs/05-test-strategy-and-coverage-matrix.md	1119	T566	word	candidate
docs/05-test-strategy-and-coverage-matrix.md	1144	T569	word	belongs
docs/05-test-strategy-and-coverage-matrix.md	1155	T564a	word	standalone
docs/05-test-strategy-and-coverage-matrix.md	1157	T569	word	pre_qa_no_candidate_cycle
docs/05-test-strategy-and-coverage-matrix.md	1173	T595b	word	feature
docs/05-test-strategy-and-coverage-matrix.md	1180	T580f	word	automated
docs/05-test-strategy-and-coverage-matrix.md	1184	T560	word	candidate
docs/05-test-strategy-and-coverage-matrix.md	1184	T561	word	recorded
docs/05-test-strategy-and-coverage-matrix.md	1184	T561a	word	candidate
docs/05-test-strategy-and-coverage-matrix.md	1184	T566	word	Candidate
docs/05-test-strategy-and-coverage-matrix.md	1185	T562	word	included
docs/05-test-strategy-and-coverage-matrix.md	1187	T586	word	candidate
docs/05-test-strategy-and-coverage-matrix.md	1203	T569	word	fingerprint
docs/05-test-strategy-and-coverage-matrix.md	1221	T049	word	exactly
docs/05-test-strategy-and-coverage-matrix.md	1232	T066	word	committed
docs/05-test-strategy-and-coverage-matrix.md	1261	T518	word	triggered
docs/05-test-strategy-and-coverage-matrix.md	1262	T566	word	records
docs/05-test-strategy-and-coverage-matrix.md	1264	T518	word	triggered
docs/05-test-strategy-and-coverage-matrix.md	1264	T519	word	release
docs/05-test-strategy-and-coverage-matrix.md	1265	T566	word	candidate
docs/05-test-strategy-and-coverage-matrix.md	1267	T457	word	BLOCKED
docs/05-test-strategy-and-coverage-matrix.md	1278	T580f	word	lowering
docs/05-test-strategy-and-coverage-matrix.md	1278	T581	word	earlier
docs/05-test-strategy-and-coverage-matrix.md	1288	T581	word	verdicts
docs/05-test-strategy-and-coverage-matrix.md	1290	T042	word	verdicts
docs/05-test-strategy-and-coverage-matrix.md	1290	T518	word	verdicts
docs/05-test-strategy-and-coverage-matrix.md	1290	T567	word	refuses
docs/05-test-strategy-and-coverage-matrix.md	1303	T580b	word	exception
docs/05-test-strategy-and-coverage-matrix.md	1303	T580d	word	reviews
docs/05-test-strategy-and-coverage-matrix.md	1303	T580f	word	revision
docs/05-test-strategy-and-coverage-matrix.md	1303	T582	word	exception
docs/05-test-strategy-and-coverage-matrix.md	1303	T595a	word	conductor
docs/05-test-strategy-and-coverage-matrix.md	1323	T582	word	unpushed
docs/05-test-strategy-and-coverage-matrix.md	1326	T288b	word	harness
docs/05-test-strategy-and-coverage-matrix.md	1326	T318	word	reviews
docs/05-test-strategy-and-coverage-matrix.md	1326	T318a	word	harness
docs/05-test-strategy-and-coverage-matrix.md	1326	T394a	word	harness
docs/05-test-strategy-and-coverage-matrix.md	1326	T435a	word	harness
docs/05-test-strategy-and-coverage-matrix.md	1326	T457	word	approvals
docs/05-test-strategy-and-coverage-matrix.md	1326	T514	word	harness
docs/05-test-strategy-and-coverage-matrix.md	1326	T518	word	harness
docs/05-test-strategy-and-coverage-matrix.md	1326	T557	word	approvals
docs/05-test-strategy-and-coverage-matrix.md	1326	T564a	word	released
docs/05-test-strategy-and-coverage-matrix.md	1326	T565	word	reviews
docs/05-test-strategy-and-coverage-matrix.md	1326	T567	title	Full-suite retest on the candidate digests
docs/05-test-strategy-and-coverage-matrix.md	1326	T569	word	Release
docs/05-test-strategy-and-coverage-matrix.md	1327	T570	word	harness
docs/05-test-strategy-and-coverage-matrix.md	1327	T580b	word	revision
docs/05-test-strategy-and-coverage-matrix.md	1327	T580e	word	harness
docs/05-test-strategy-and-coverage-matrix.md	1327	T582	word	revision
docs/05-test-strategy-and-coverage-matrix.md	1327	T583	word	manifest
docs/05-test-strategy-and-coverage-matrix.md	1327	T593	word	revision
docs/05-test-strategy-and-coverage-matrix.md	1337	T514	word	harness
docs/05-test-strategy-and-coverage-matrix.md	1337	T518	word	harness
docs/05-test-strategy-and-coverage-matrix.md	1337	T580b	word	producing
docs/05-test-strategy-and-coverage-matrix.md	1337	T580e	word	producing
docs/05-test-strategy-and-coverage-matrix.md	1340	T047	word	precedes
docs/05-test-strategy-and-coverage-matrix.md	1341	T047	word	precedes
docs/05-test-strategy-and-coverage-matrix.md	1349	T288b	word	working
docs/05-test-strategy-and-coverage-matrix.md	1350	T318a	word	precondition
docs/05-test-strategy-and-coverage-matrix.md	1350	T394a	word	harness
docs/05-test-strategy-and-coverage-matrix.md	1350	T504a	word	harness
docs/05-test-strategy-and-coverage-matrix.md	1352	T567	word	release
docs/05-test-strategy-and-coverage-matrix.md	1388	T504a	word	working
docs/05-test-strategy-and-coverage-matrix.md	1389	T548a	word	working
docs/05-test-strategy-and-coverage-matrix.md	1389	T570	word	working
docs/05-test-strategy-and-coverage-matrix.md	1391	T555	word	intersect
docs/05-test-strategy-and-coverage-matrix.md	1391	T565	word	approval
docs/05-test-strategy-and-coverage-matrix.md	1392	T570a	word	intersect
docs/05-test-strategy-and-coverage-matrix.md	1392	T580f	word	intersect
docs/05-test-strategy-and-coverage-matrix.md	1394	T473	word	registry
docs/05-test-strategy-and-coverage-matrix.md	1413	T325	word	revision
docs/05-test-strategy-and-coverage-matrix.md	1413	T335	word	reviews
docs/05-test-strategy-and-coverage-matrix.md	1413	T358	word	reviews
docs/05-test-strategy-and-coverage-matrix.md	1413	T359	word	reviews
docs/05-test-strategy-and-coverage-matrix.md	1413	T457	word	reviews
docs/05-test-strategy-and-coverage-matrix.md	1413	T504a	word	reviews
docs/05-test-strategy-and-coverage-matrix.md	1413	T548a	word	release
docs/05-test-strategy-and-coverage-matrix.md	1413	T557	word	release
docs/05-test-strategy-and-coverage-matrix.md	1413	T561a	word	release
docs/05-test-strategy-and-coverage-matrix.md	1413	T564a	word	reviews
docs/05-test-strategy-and-coverage-matrix.md	1414	T566	word	reviews
docs/05-test-strategy-and-coverage-matrix.md	1414	T569	word	reviews
docs/05-test-strategy-and-coverage-matrix.md	1414	T570	word	reviews
docs/05-test-strategy-and-coverage-matrix.md	1414	T570a	word	reviews
docs/05-test-strategy-and-coverage-matrix.md	1414	T571	word	reviews
docs/05-test-strategy-and-coverage-matrix.md	1414	T580	word	release
docs/05-test-strategy-and-coverage-matrix.md	1414	T580a	word	revision
docs/05-test-strategy-and-coverage-matrix.md	1414	T580e	word	reviews
docs/05-test-strategy-and-coverage-matrix.md	1414	T581	word	reviews
docs/05-test-strategy-and-coverage-matrix.md	1414	T582	word	revision
docs/05-test-strategy-and-coverage-matrix.md	1431	T504a	word	floor_ratchet
docs/05-test-strategy-and-coverage-matrix.md	1431	T561a	word	floor_ratchet
docs/05-test-strategy-and-coverage-matrix.md	1432	T548a	word	mutation
docs/05-test-strategy-and-coverage-matrix.md	1432	T566	word	check_slsa
docs/05-test-strategy-and-coverage-matrix.md	1433	T580	word	sc005_verdict_check
docs/05-test-strategy-and-coverage-matrix.md	1433	T580a	word	sc005_verdict_check
docs/05-test-strategy-and-coverage-matrix.md	1433	T582	word	sc005_verdict_check
docs/05-test-strategy-and-coverage-matrix.md	1438	T549	word	claim_ledger
docs/05-test-strategy-and-coverage-matrix.md	1561	T569	word	outputs
docs/06-determinism-and-evidence-framework.md	8	T081a	word	stricter
docs/06-determinism-and-evidence-framework.md	8	T225b	word	derived
docs/06-determinism-and-evidence-framework.md	8	T429a	word	ratification
docs/06-determinism-and-evidence-framework.md	8	T574a	word	tracker_sync_final
docs/06-determinism-and-evidence-framework.md	383	T595b	word	feature
docs/06-determinism-and-evidence-framework.md	652	T560	word	acceptance
docs/06-determinism-and-evidence-framework.md	667	T307	word	reviewer
docs/06-determinism-and-evidence-framework.md	710	T047	word	conventions
docs/06-determinism-and-evidence-framework.md	740	T039	word	introduction
docs/06-determinism-and-evidence-framework.md	757	T593	word	refusal
docs/06-determinism-and-evidence-framework.md	760	T081a	word	Governance
docs/06-determinism-and-evidence-framework.md	762	T085	word	reviewed
docs/06-determinism-and-evidence-framework.md	762	T094b	word	Governance
docs/06-determinism-and-evidence-framework.md	762	T429a	word	Governance
docs/06-determinism-and-evidence-framework.md	762	T580b	word	Governance
docs/06-determinism-and-evidence-framework.md	774	T569	word	SLSA_LEVEL
docs/06-determinism-and-evidence-framework.md	814	T569	word	reviews
docs/06-determinism-and-evidence-framework.md	829	T066	word	written
docs/06-determinism-and-evidence-framework.md	845	T566	word	recorded
docs/06-determinism-and-evidence-framework.md	845	T581	word	fingerprint
docs/06-determinism-and-evidence-framework.md	855	T159	word	records
docs/06-determinism-and-evidence-framework.md	855	T220	word	records
docs/06-determinism-and-evidence-framework.md	855	T457	word	records
docs/06-determinism-and-evidence-framework.md	855	T557	word	records
docs/06-determinism-and-evidence-framework.md	856	T094d	title	(FR-023, SC-012) Wire the revi
docs/06-determinism-and-evidence-framework.md	943	T575	title	Gate views and integrity
docs/06-determinism-and-evidence-framework.md	959	T302	word	projection
docs/06-determinism-and-evidence-framework.md	967	T570	word	redgreen_sample
docs/06-determinism-and-evidence-framework.md	980	T039	word	flake_ledger
docs/06-determinism-and-evidence-framework.md	997	T449	word	coordinate
docs/06-determinism-and-evidence-framework.md	1007	T134	word	rootless
docs/06-determinism-and-evidence-framework.md	1031	T040	word	precedence
docs/06-determinism-and-evidence-framework.md	1125	T121b	word	creates
docs/06-determinism-and-evidence-framework.md	1186	T090	word	leftover
docs/06-determinism-and-evidence-framework.md	1219	T004	word	commit_turn_check
docs/06-determinism-and-evidence-framework.md	1219	T049	word	commit_turn_check
docs/06-determinism-and-evidence-framework.md	1263	T580e	word	ignored
docs/06-determinism-and-evidence-framework.md	1281	T583	word	recomputes
docs/06-determinism-and-evidence-framework.md	1281	T593	word	revision
docs/06-determinism-and-evidence-framework.md	1290	T569	word	can_i_deploy
docs/06-determinism-and-evidence-framework.md	1290	T582	word	can_i_deploy
docs/06-determinism-and-evidence-framework.md	1293	T566	word	candidate
docs/06-determinism-and-evidence-framework.md	1299	T325	word	can_i_deploy
docs/06-determinism-and-evidence-framework.md	1303	T595b	word	deleted
docs/06-determinism-and-evidence-framework.md	1312	T581	word	retention
docs/06-determinism-and-evidence-framework.md	1315	T581	word	captures
docs/06-determinism-and-evidence-framework.md	1315	T582	word	captures
docs/06-determinism-and-evidence-framework.md	1455	T182	word	scratch
docs/06-determinism-and-evidence-framework.md	1468	T585	word	anchors
docs/06-determinism-and-evidence-framework.md	1468	T594	word	anchors
docs/06-determinism-and-evidence-framework.md	1530	T089	word	carries
docs/06-determinism-and-evidence-framework.md	1532	T089	word	carries
docs/07-backend-catalog-api-audit-plan.md	8	T225b	word	detector
docs/07-backend-catalog-api-audit-plan.md	373	T228	word	corpora
docs/07-backend-catalog-api-audit-plan.md	373	T230	word	scanner
docs/07-backend-catalog-api-audit-plan.md	373	T231	word	needles
docs/08-web-client-audit-plan.md	8	T225b	word	answers
docs/08-web-client-audit-plan.md	8	T234	word	readiness
docs/08-web-client-audit-plan.md	8	T239	word	cleanliness
docs/08-web-client-audit-plan.md	8	T254b	word	detectors
docs/09-desktop-and-installer-audit-plan.md	8	T241a	word	readiness
docs/09-desktop-and-installer-audit-plan.md	8	T242	word	desktop
docs/09-desktop-and-installer-audit-plan.md	8	T245	word	outdated
docs/09-desktop-and-installer-audit-plan.md	8	T574a	word	analyze
docs/10-android-and-android-tv-audit-plan.md	8	T248	word	language
docs/10-android-and-android-tv-audit-plan.md	8	T248a	word	needles
docs/10-android-and-android-tv-audit-plan.md	384	T248a	word	android
docs/11-submodules-audit-and-update-runbook.md	8	T083	word	substitute
docs/11-submodules-audit-and-update-runbook.md	8	T087a	word	analyze
docs/11-submodules-audit-and-update-runbook.md	8	T574a	word	reconciled
docs/11-submodules-audit-and-update-runbook.md	316	T432	word	brought
docs/11-submodules-audit-and-update-runbook.md	372	T442b	word	descends
docs/11-submodules-audit-and-update-runbook.md	372	T580c	word	revision
docs/11-submodules-audit-and-update-runbook.md	381	T351	word	compose
docs/11-submodules-audit-and-update-runbook.md	381	T376	word	compose
docs/11-submodules-audit-and-update-runbook.md	381	T448	word	compose
docs/11-submodules-audit-and-update-runbook.md	390	T435c	word	advance
docs/11-submodules-audit-and-update-runbook.md	396	T580a	word	advances
docs/11-submodules-audit-and-update-runbook.md	406	T440b	word	authored
docs/12-helixqa-challenges-and-governance-plan.md	8	T083	word	substitute
docs/12-helixqa-challenges-and-governance-plan.md	8	T429a	word	ratification
docs/12-helixqa-challenges-and-governance-plan.md	805	T567	word	Android
docs/12-helixqa-challenges-and-governance-plan.md	1237	T083	word	substitute
docs/12-helixqa-challenges-and-governance-plan.md	1237	T085	word	ratification
docs/12-helixqa-challenges-and-governance-plan.md	1329	T168	word	conflicts
docs/12-helixqa-challenges-and-governance-plan.md	1460	T089	word	longops
docs/12-helixqa-challenges-and-governance-plan.md	1467	T085	word	abbreviation
docs/12-helixqa-challenges-and-governance-plan.md	1467	T178	word	deferrals
docs/12-helixqa-challenges-and-governance-plan.md	1467	T300	word	compared
docs/12-helixqa-challenges-and-governance-plan.md	1534	T005b	word	dispatcher
docs/12-helixqa-challenges-and-governance-plan.md	1534	T211	word	browsers
docs/13-documentation-program-plan.md	262	T539	word	archives
docs/14-performance-engineering-plan.md	8	T574a	word	analyze
docs/14-performance-engineering-plan.md	402	T507	word	baselines
docs/14-performance-engineering-plan.md	402	T508	title	WP-14-09 WebSocket fan-out harness
docs/14-performance-engineering-plan.md	402	T513	word	refusal
docs/14-performance-engineering-plan.md	402	T515	word	operation
docs/14-performance-engineering-plan.md	402	T516	word	register
docs/15-security-and-danger-zone-plan.md	8	T263	word	gitleaks
docs/15-security-and-danger-zone-plan.md	8	T264	word	redaction
docs/15-security-and-danger-zone-plan.md	8	T523	word	gitleaks
docs/15-security-and-danger-zone-plan.md	549	T263	word	gitleaks
docs/15-security-and-danger-zone-plan.md	549	T354	word	restrict
docs/16-containerized-infrastructure-and-local-enforcement-plan.md	8	T574a	word	reconciled
docs/16-containerized-infrastructure-and-local-enforcement-plan.md	464	T102	word	recorded
docs/16-containerized-infrastructure-and-local-enforcement-plan.md	555	T022	word	watchdog
docs/16-containerized-infrastructure-and-local-enforcement-plan.md	591	T131	word	catalogizer
docs/16-containerized-infrastructure-and-local-enforcement-plan.md	591	T164	word	changed
docs/16-containerized-infrastructure-and-local-enforcement-plan.md	591	T166	word	changed
docs/16-containerized-infrastructure-and-local-enforcement-plan.md	591	T175	word	location
docs/16-containerized-infrastructure-and-local-enforcement-plan.md	591	T201	word	failing
docs/16-containerized-infrastructure-and-local-enforcement-plan.md	599	T005c	word	transition
docs/16-containerized-infrastructure-and-local-enforcement-plan.md	637	T114	word	service
docs/16-containerized-infrastructure-and-local-enforcement-plan.md	893	T085	word	abbreviation
docs/16-containerized-infrastructure-and-local-enforcement-plan.md	898	T022	word	deferral
docs/16-containerized-infrastructure-and-local-enforcement-plan.md	908	T431	word	changes
docs/16-containerized-infrastructure-and-local-enforcement-plan.md	908	T433	word	because
docs/16-containerized-infrastructure-and-local-enforcement-plan.md	911	T089	word	process
docs/16-containerized-infrastructure-and-local-enforcement-plan.md	945	T431	word	stopping
docs/16-containerized-infrastructure-and-local-enforcement-plan.md	953	T567	word	brought
docs/16-containerized-infrastructure-and-local-enforcement-plan.md	953	T568	word	present
docs/16-containerized-infrastructure-and-local-enforcement-plan.md	953	T594	word	included
docs/16-containerized-infrastructure-and-local-enforcement-plan.md	973	T229	word	patches
docs/16-containerized-infrastructure-and-local-enforcement-plan.md	973	T238	word	patches
docs/16-containerized-infrastructure-and-local-enforcement-plan.md	973	T249	word	patches
docs/16-containerized-infrastructure-and-local-enforcement-plan.md	973	T292	word	patches
docs/16-containerized-infrastructure-and-local-enforcement-plan.md	973	T293	word	patches
docs/16-containerized-infrastructure-and-local-enforcement-plan.md	974	T076	word	governance
docs/16-containerized-infrastructure-and-local-enforcement-plan.md	983	T182	word	verification
docs/16-containerized-infrastructure-and-local-enforcement-plan.md	1010	T012a	word	sections
docs/16-containerized-infrastructure-and-local-enforcement-plan.md	1010	T088	word	outside
docs/16-containerized-infrastructure-and-local-enforcement-plan.md	1010	T093	word	declared
docs/16-containerized-infrastructure-and-local-enforcement-plan.md	1052	T575	word	analyze
docs/16-containerized-infrastructure-and-local-enforcement-plan.md	1067	T007	word	scratch
docs/16-containerized-infrastructure-and-local-enforcement-plan.md	1067	T064	word	applies
docs/16-containerized-infrastructure-and-local-enforcement-plan.md	1081	T094c	word	verdicts
docs/16-containerized-infrastructure-and-local-enforcement-plan.md	1091	T094d	word	introduction
docs/16-containerized-infrastructure-and-local-enforcement-plan.md	1104	T012a	word	extended
docs/16-containerized-infrastructure-and-local-enforcement-plan.md	1501	T090	word	undeclared
docs/16-containerized-infrastructure-and-local-enforcement-plan.md	1672	T443	word	accounted
docs/16-containerized-infrastructure-and-local-enforcement-plan.md	1672	T444	word	compile
docs/16-containerized-infrastructure-and-local-enforcement-plan.md	1672	T447	word	validated
docs/16-containerized-infrastructure-and-local-enforcement-plan.md	1716	T168	word	imports
docs/16-containerized-infrastructure-and-local-enforcement-plan.md	1801	T447	word	minimum
docs/16-containerized-infrastructure-and-local-enforcement-plan.md	1803	T524	word	preserving
docs/19-poc-tools-and-results.md	297	T344	word	middleware
docs/19-poc-tools-and-results.md	298	T228	word	listener
docs/19-poc-tools-and-results.md	298	T338	word	listener
docs/19-poc-tools-and-results.md	299	T293	word	Benchmark
docs/20-research-second-pass-gaps.md	753	T446	word	Provenance
docs/21-master-plan-phases-risks-and-traceability.md	8	T225b	word	differently
docs/21-master-plan-phases-risks-and-traceability.md	8	T225c	word	readiness
docs/21-master-plan-phases-risks-and-traceability.md	8	T241a	word	readiness
docs/21-master-plan-phases-risks-and-traceability.md	8	T256	word	recorded
docs/21-master-plan-phases-risks-and-traceability.md	8	T265	word	reconciled
docs/21-master-plan-phases-risks-and-traceability.md	8	T574a	word	reconciled
docs/21-master-plan-phases-risks-and-traceability.md	54	T089	title	Implement
docs/21-master-plan-phases-risks-and-traceability.md	201	T023	title	Author the golden sets before any audit run
docs/21-master-plan-phases-risks-and-traceability.md	201	T099	word	containers
docs/21-master-plan-phases-risks-and-traceability.md	203	T007	word	deviation
docs/21-master-plan-phases-risks-and-traceability.md	203	T027	word	remediation
docs/21-master-plan-phases-risks-and-traceability.md	203	T078	word	upstream
docs/21-master-plan-phases-risks-and-traceability.md	203	T089	word	carries
docs/21-master-plan-phases-risks-and-traceability.md	243	T225b	word	partition
docs/21-master-plan-phases-risks-and-traceability.md	297	T066	word	working
docs/21-master-plan-phases-risks-and-traceability.md	297	T580c	word	closure
docs/21-master-plan-phases-risks-and-traceability.md	400	T007	word	mutated
docs/21-master-plan-phases-risks-and-traceability.md	401	T099	word	unreachable
docs/21-master-plan-phases-risks-and-traceability.md	410	T069	word	depends
docs/21-master-plan-phases-risks-and-traceability.md	410	T115	word	toolchain
docs/21-master-plan-phases-risks-and-traceability.md	411	T051	word	wrappers
docs/21-master-plan-phases-risks-and-traceability.md	411	T089	word	suspend
docs/21-master-plan-phases-risks-and-traceability.md	412	T089	word	suspend
docs/21-master-plan-phases-risks-and-traceability.md	413	T089	word	suspend
docs/21-master-plan-phases-risks-and-traceability.md	414	T120	word	wrappers
docs/21-master-plan-phases-risks-and-traceability.md	420	T050	word	mapping
docs/21-master-plan-phases-risks-and-traceability.md	430	T254	word	decided
docs/21-master-plan-phases-risks-and-traceability.md	431	T235	word	detectors
docs/21-master-plan-phases-risks-and-traceability.md	433	T225a	word	results
docs/21-master-plan-phases-risks-and-traceability.md	433	T225b	word	derived
docs/21-master-plan-phases-risks-and-traceability.md	433	T247	word	fallback
docs/21-master-plan-phases-risks-and-traceability.md	435	T225a	word	results
docs/21-master-plan-phases-risks-and-traceability.md	435	T225b	word	derived
docs/21-master-plan-phases-risks-and-traceability.md	435	T264	word	redacted
docs/21-master-plan-phases-risks-and-traceability.md	436	T225a	word	results
docs/21-master-plan-phases-risks-and-traceability.md	436	T248	word	integration
docs/21-master-plan-phases-risks-and-traceability.md	436	T254	word	needles
docs/21-master-plan-phases-risks-and-traceability.md	436	T264	word	redacted
docs/21-master-plan-phases-risks-and-traceability.md	439	T265	word	tracked
docs/21-master-plan-phases-risks-and-traceability.md	455	T238	word	dependency
docs/21-master-plan-phases-risks-and-traceability.md	458	T089	word	mutations
docs/21-master-plan-phases-risks-and-traceability.md	459	T351	word	password
docs/21-master-plan-phases-risks-and-traceability.md	460	T445	word	dependency
docs/21-master-plan-phases-risks-and-traceability.md	664	T004	word	between
docs/21-master-plan-phases-risks-and-traceability.md	664	T007	word	measured
docs/21-master-plan-phases-risks-and-traceability.md	664	T017	word	verifier
docs/21-master-plan-phases-risks-and-traceability.md	664	T027	word	missing
docs/21-master-plan-phases-risks-and-traceability.md	664	T075	word	carries
docs/21-master-plan-phases-risks-and-traceability.md	664	T078	word	register
docs/21-master-plan-phases-risks-and-traceability.md	664	T086	word	without
docs/21-master-plan-phases-risks-and-traceability.md	664	T088	word	checked
docs/21-master-plan-phases-risks-and-traceability.md	664	T145	word	Android
docs/21-master-plan-phases-risks-and-traceability.md	668	T089	word	missing
docs/21-master-plan-phases-risks-and-traceability.md	668	T354	word	scratch
docs/21-master-plan-phases-risks-and-traceability.md	670	T089	word	missing
docs/21-master-plan-phases-risks-and-traceability.md	670	T433	word	because
docs/21-master-plan-phases-risks-and-traceability.md	670	T569	word	ratchet
docs/21-master-plan-phases-risks-and-traceability.md	672	T238	word	dependency
docs/21-master-plan-phases-risks-and-traceability.md	674	T053	word	evidence
docs/21-master-plan-phases-risks-and-traceability.md	676	T099	word	depends
docs/21-master-plan-phases-risks-and-traceability.md	676	T100	word	checklist
docs/21-master-plan-phases-risks-and-traceability.md	676	T254	word	reported
docs/21-master-plan-phases-risks-and-traceability.md	676	T341	word	depends
docs/21-master-plan-phases-risks-and-traceability.md	676	T455	word	packages
docs/21-master-plan-phases-risks-and-traceability.md	676	T548a	word	accepting
docs/21-master-plan-phases-risks-and-traceability.md	676	T561a	word	reported
docs/21-master-plan-phases-risks-and-traceability.md	676	T567	word	removed
docs/21-master-plan-phases-risks-and-traceability.md	679	T203	word	outputs
docs/21-master-plan-phases-risks-and-traceability.md	679	T225a	word	counted
docs/21-master-plan-phases-risks-and-traceability.md	679	T225b	word	finding
docs/21-master-plan-phases-risks-and-traceability.md	679	T254	word	reported
docs/21-master-plan-phases-risks-and-traceability.md	679	T254b	word	fallback
docs/21-master-plan-phases-risks-and-traceability.md	679	T264	word	SUBAGENT
docs/21-master-plan-phases-risks-and-traceability.md	679	T277	word	references
docs/21-master-plan-phases-risks-and-traceability.md	679	T277a	word	references
docs/21-master-plan-phases-risks-and-traceability.md	679	T351	word	compose
docs/21-master-plan-phases-risks-and-traceability.md	679	T376	word	compose
docs/21-master-plan-phases-risks-and-traceability.md	679	T445	word	dependency
docs/21-master-plan-phases-risks-and-traceability.md	679	T530	word	diagram
docs/21-master-plan-phases-risks-and-traceability.md	679	T553	word	verifier
docs/21-master-plan-phases-risks-and-traceability.md	681	T043	word	appears
docs/21-master-plan-phases-risks-and-traceability.md	681	T061	word	triggers
docs/21-master-plan-phases-risks-and-traceability.md	681	T075	word	heading
docs/21-master-plan-phases-risks-and-traceability.md	681	T076	word	depends
docs/21-master-plan-phases-risks-and-traceability.md	681	T077	word	scratch
docs/21-master-plan-phases-risks-and-traceability.md	681	T102	word	depends
docs/21-master-plan-phases-risks-and-traceability.md	681	T162	word	planted
docs/21-master-plan-phases-risks-and-traceability.md	681	T233	word	outputs
docs/21-master-plan-phases-risks-and-traceability.md	681	T248	word	because
docs/21-master-plan-phases-risks-and-traceability.md	681	T254	word	reported
docs/21-master-plan-phases-risks-and-traceability.md	681	T254b	word	fallback
docs/21-master-plan-phases-risks-and-traceability.md	681	T256	title	S-LLMV-1
docs/21-master-plan-phases-risks-and-traceability.md	681	T265	word	counted
docs/21-master-plan-phases-risks-and-traceability.md	681	T266	word	covered
docs/21-master-plan-phases-risks-and-traceability.md	681	T276	word	applied
docs/21-master-plan-phases-risks-and-traceability.md	681	T286	word	fallback
docs/21-master-plan-phases-risks-and-traceability.md	681	T473	word	changes
docs/21-master-plan-phases-risks-and-traceability.md	683	T094d	word	removed
docs/21-master-plan-phases-risks-and-traceability.md	683	T162	word	planted
docs/21-master-plan-phases-risks-and-traceability.md	683	T164	word	reproduces
docs/21-master-plan-phases-risks-and-traceability.md	683	T175	word	reproduces
docs/21-master-plan-phases-risks-and-traceability.md	685	T473	word	changes
docs/21-master-plan-phases-risks-and-traceability.md	685	T595	word	removed
docs/21-master-plan-phases-risks-and-traceability.md	687	T115	word	because
docs/21-master-plan-phases-risks-and-traceability.md	687	T141	word	because
docs/21-master-plan-phases-risks-and-traceability.md	687	T595	word	removed
docs/21-master-plan-phases-risks-and-traceability.md	844	T443	word	deliverable
docs/21-master-plan-phases-risks-and-traceability.md	844	T444	word	compile
docs/21-master-plan-phases-risks-and-traceability.md	914	T071	word	leaving
docs/21-master-plan-phases-risks-and-traceability.md	1165	T089	word	mutations
docs/21-master-plan-phases-risks-and-traceability.md	1170	T225a	word	partition
docs/21-master-plan-phases-risks-and-traceability.md	1170	T225b	word	partition
docs/21-master-plan-phases-risks-and-traceability.md	1170	T225c	word	readiness
docs/21-master-plan-phases-risks-and-traceability.md	1170	T241a	word	readiness
docs/21-master-plan-phases-risks-and-traceability.md	1170	T254a	word	readiness
docs/21-master-plan-phases-risks-and-traceability.md	1171	T569	word	belongs
docs/21-master-plan-phases-risks-and-traceability.md	1243	T248a	title	Kotlin bluff detector
docs/21-master-plan-phases-risks-and-traceability.md	1243	T434a	title	ST-REV review of the T434 web dependency change in this repo
docs/21-master-plan-phases-risks-and-traceability.md	1244	T248a	title	Kotlin bluff detector
docs/21-master-plan-phases-risks-and-traceability.md	1244	T434a	word	reviews
docs/21-master-plan-phases-risks-and-traceability.md	1244	T462a	title	Case-filter checks for the W1 acceptance of T463
docs/21-master-plan-phases-risks-and-traceability.md	1245	T064a	word	written
docs/21-master-plan-phases-risks-and-traceability.md	1245	T248a	title	Kotlin bluff detector
docs/21-master-plan-phases-risks-and-traceability.md	1245	T434a	word	reviews
docs/21-master-plan-phases-risks-and-traceability.md	1245	T435b	word	forward
docs/21-master-plan-phases-risks-and-traceability.md	1245	T462a	title	Case-filter checks for the W1 acceptance of T463
docs/21-master-plan-phases-risks-and-traceability.md	1246	T064a	word	written
docs/21-master-plan-phases-risks-and-traceability.md	1246	T248a	title	Kotlin bluff detector
docs/21-master-plan-phases-risks-and-traceability.md	1246	T394a	word	measured
docs/21-master-plan-phases-risks-and-traceability.md	1246	T434a	word	reviews
docs/21-master-plan-phases-risks-and-traceability.md	1246	T435b	word	forward
docs/21-master-plan-phases-risks-and-traceability.md	1246	T462a	word	against
docs/21-master-plan-phases-risks-and-traceability.md	1249	T093a	title	(FR-022, SC-012) Standing cont
docs/21-master-plan-phases-risks-and-traceability.md	1249	T094b	word	revision
docs/21-master-plan-phases-risks-and-traceability.md	1249	T094c	word	checked
docs/21-master-plan-phases-risks-and-traceability.md	1249	T504a	word	measured
docs/21-master-plan-phases-risks-and-traceability.md	1249	T548a	title	(FR-012, FR-015, SC-006, SC-00
docs/21-master-plan-phases-risks-and-traceability.md	1249	T561a	word	reported
docs/21-master-plan-phases-risks-and-traceability.md	1250	T094d	word	checked
docs/21-master-plan-phases-risks-and-traceability.md	1250	T447b	word	checked
docs/21-master-plan-phases-risks-and-traceability.md	1252	T225d	word	contracts
docs/21-master-plan-phases-risks-and-traceability.md	1263	T579	word	outside
docs/21-master-plan-phases-risks-and-traceability.md	1264	T027	word	registration
docs/21-master-plan-phases-risks-and-traceability.md	1264	T052	word	writing
docs/21-master-plan-phases-risks-and-traceability.md	1264	T099	word	containers
docs/21-master-plan-phases-risks-and-traceability.md	1264	T199	word	harness
docs/21-master-plan-phases-risks-and-traceability.md	1264	T275	word	feature
docs/21-master-plan-phases-risks-and-traceability.md	1264	T433	word	settled
docs/21-master-plan-phases-risks-and-traceability.md	1264	T469	word	references
docs/21-master-plan-phases-risks-and-traceability.md	1264	T542	word	section
docs/21-master-plan-phases-risks-and-traceability.md	1264	T594	word	included
docs/21-master-plan-phases-risks-and-traceability.md	1377	T287	word	citation
docs/21-master-plan-phases-risks-and-traceability.md	1381	T041	word	earlier
docs/21-master-plan-phases-risks-and-traceability.md	1381	T462a	word	scratch
docs/21-master-plan-phases-risks-and-traceability.md	1383	T300	word	replaced
docs/21-master-plan-phases-risks-and-traceability.md	1385	T429	word	rewritten
docs/21-master-plan-phases-risks-and-traceability.md	1391	T435	word	included
docs/21-master-plan-phases-risks-and-traceability.md	1391	T435c	word	record_pending_pin
docs/21-master-plan-phases-risks-and-traceability.md	1391	T448a	word	remaining
docs/21-master-plan-phases-risks-and-traceability.md	1391	T578	word	exclusions
docs/21-master-plan-phases-risks-and-traceability.md	1394	T435	word	included
docs/21-master-plan-phases-risks-and-traceability.md	1396	T204	word	control
docs/21-master-plan-phases-risks-and-traceability.md	1396	T225a	word	counted
docs/21-master-plan-phases-risks-and-traceability.md	1396	T564a	word	example
docs/21-master-plan-phases-risks-and-traceability.md	1396	T580c	word	deliverable
docs/21-master-plan-phases-risks-and-traceability.md	1397	T128	word	depends
docs/21-master-plan-phases-risks-and-traceability.md	1397	T132	word	including
docs/21-master-plan-phases-risks-and-traceability.md	1397	T149	word	replaced
docs/21-master-plan-phases-risks-and-traceability.md	1399	T225a	word	counted
docs/21-master-plan-phases-risks-and-traceability.md	1399	T225b	word	unchanged
docs/21-master-plan-phases-risks-and-traceability.md	1399	T286	word	scratch
docs/21-master-plan-phases-risks-and-traceability.md	1399	T289	word	depends
docs/21-master-plan-phases-risks-and-traceability.md	1399	T447b	word	refusal
docs/21-master-plan-phases-risks-and-traceability.md	1399	T569	word	earlier
docs/21-master-plan-phases-risks-and-traceability.md	1399	T580c	word	revision
docs/21-master-plan-phases-risks-and-traceability.md	1401	T134a	word	written
docs/21-master-plan-phases-risks-and-traceability.md	1403	T095	word	citation
docs/21-master-plan-phases-risks-and-traceability.md	1403	T134a	word	written
docs/21-master-plan-phases-risks-and-traceability.md	1403	T322	title	G-CONTRACT review by ST-REV of T309 to T321
docs/21-master-plan-phases-risks-and-traceability.md	1403	T330	word	contract
docs/21-master-plan-phases-risks-and-traceability.md	1403	T336	title	ST-REV review of every WP-41 change set
docs/21-master-plan-phases-risks-and-traceability.md	1403	T569	word	confirms
docs/21-master-plan-phases-risks-and-traceability.md	1403	T580a	word	rebuilt
docs/21-master-plan-phases-risks-and-traceability.md	1405	T066	word	checked
docs/21-master-plan-phases-risks-and-traceability.md	1405	T517	title	WP-14-16 soak
docs/21-master-plan-phases-risks-and-traceability.md	1405	T567	word	written
docs/21-master-plan-phases-risks-and-traceability.md	1405	T580a	word	rebuilt
docs/21-master-plan-phases-risks-and-traceability.md	1407	T166	word	locator
docs/21-master-plan-phases-risks-and-traceability.md	1407	T308	word	including
docs/21-master-plan-phases-risks-and-traceability.md	1407	T567	word	written
docs/21-master-plan-phases-risks-and-traceability.md	1409	T564a	word	precheck
docs/21-master-plan-phases-risks-and-traceability.md	1411	T335	word	confirms
docs/21-master-plan-phases-risks-and-traceability.md	1411	T358	word	written
docs/21-master-plan-phases-risks-and-traceability.md	1411	T548a	word	outputs
docs/21-master-plan-phases-risks-and-traceability.md	1413	T001	word	unchanged
docs/21-master-plan-phases-risks-and-traceability.md	1413	T162	word	written
docs/21-master-plan-phases-risks-and-traceability.md	1413	T256	title	S-LLMV-1
docs/21-master-plan-phases-risks-and-traceability.md	1413	T265	word	counted
docs/21-master-plan-phases-risks-and-traceability.md	1413	T266	title	ODG-36 mechanical check
docs/21-master-plan-phases-risks-and-traceability.md	1413	T336a	word	including
docs/21-master-plan-phases-risks-and-traceability.md	1413	T383	word	research
docs/21-master-plan-phases-risks-and-traceability.md	1413	T399	word	revision
docs/21-master-plan-phases-risks-and-traceability.md	1413	T580d	word	outputs
docs/21-master-plan-phases-risks-and-traceability.md	1413	T582	word	objects
docs/21-master-plan-phases-risks-and-traceability.md	1413	T595	word	against
docs/21-master-plan-phases-risks-and-traceability.md	1444	T022	word	deferral
docs/21-master-plan-phases-risks-and-traceability.md	1452	T498	word	dependency
docs/21-master-plan-phases-risks-and-traceability.md	1460	T022	word	ordinary
docs/21-master-plan-phases-risks-and-traceability.md	1479	T089	word	depends
docs/21-master-plan-phases-risks-and-traceability.md	1479	T354	word	references
docs/21-master-plan-phases-risks-and-traceability.md	1479	T474	word	reports
docs/21-master-plan-phases-risks-and-traceability.md	1482	T595b	word	closing
docs/21-master-plan-phases-risks-and-traceability.md	1504	T283a	word	tracked
docs/21-master-plan-phases-risks-and-traceability.md	1519	T071	word	immutable
docs/21-master-plan-phases-risks-and-traceability.md	1529	T307	word	conflict
docs/21-master-plan-phases-risks-and-traceability.md	1569	T283a	word	documents
docs/21-master-plan-phases-risks-and-traceability.md	1612	T005d	word	written
docs/21-master-plan-phases-risks-and-traceability.md	1612	T094d	word	reviews
docs/21-master-plan-phases-risks-and-traceability.md	1612	T121b	word	measured
docs/21-master-plan-phases-risks-and-traceability.md	1612	T435c	word	written
docs/21-master-plan-phases-risks-and-traceability.md	1612	T440b	word	committed
docs/21-master-plan-phases-risks-and-traceability.md	1612	T447b	word	measured
docs/21-master-plan-phases-risks-and-traceability.md	1629	T137a	word	committed
docs/21-master-plan-phases-risks-and-traceability.md	1629	T442b	word	committed
docs/21-master-plan-phases-risks-and-traceability.md	1629	T580c	word	revision
docs/21-master-plan-phases-risks-and-traceability.md	1644	T084a	word	committed
docs/21-master-plan-phases-risks-and-traceability.md	1644	T139a	word	verdict
docs/21-master-plan-phases-risks-and-traceability.md	1644	T175a	title	(FR-001, FR-012, SC-001, SC-00
docs/21-master-plan-phases-risks-and-traceability.md	1644	T200a	word	committed
docs/21-master-plan-phases-risks-and-traceability.md	1644	T225a	word	counted
docs/21-master-plan-phases-risks-and-traceability.md	1644	T225b	title	Registry snapshot
docs/21-master-plan-phases-risks-and-traceability.md	1644	T225c	word	counted
docs/21-master-plan-phases-risks-and-traceability.md	1644	T240a	word	SUBAGENT
docs/21-master-plan-phases-risks-and-traceability.md	1644	T241a	title	Index readiness for
docs/21-master-plan-phases-risks-and-traceability.md	1644	T254a	title	Index readiness for every own-organisation repository of
docs/21-master-plan-phases-risks-and-traceability.md	1644	T254b	word	committed
docs/21-master-plan-phases-risks-and-traceability.md	1644	T272a	title	Index readiness for the WP-36 units
docs/21-master-plan-phases-risks-and-traceability.md	1644	T277a	word	SUBAGENT
docs/21-master-plan-phases-risks-and-traceability.md	1644	T288a	word	committed
docs/21-master-plan-phases-risks-and-traceability.md	1644	T288b	word	committed
docs/21-master-plan-phases-risks-and-traceability.md	1644	T318a	word	verdict
docs/21-master-plan-phases-risks-and-traceability.md	1644	T322a	word	committed
docs/21-master-plan-phases-risks-and-traceability.md	1644	T334a	word	revision
docs/21-master-plan-phases-risks-and-traceability.md	1644	T336a	word	contracts
docs/21-master-plan-phases-risks-and-traceability.md	1644	T420a	word	committed
docs/21-master-plan-phases-risks-and-traceability.md	1644	T456a	word	committed
docs/21-master-plan-phases-risks-and-traceability.md	1644	T456b	word	verdict
docs/21-master-plan-phases-risks-and-traceability.md	1644	T456c	word	contains
docs/21-master-plan-phases-risks-and-traceability.md	1644	T564a	word	candidate
docs/21-master-plan-phases-risks-and-traceability.md	1644	T566a	word	candidate
docs/21-master-plan-phases-risks-and-traceability.md	1644	T580d	word	committed
docs/21-master-plan-phases-risks-and-traceability.md	1644	T580f	word	reconcile
docs/21-master-plan-phases-risks-and-traceability.md	1652	T241a	word	readiness
docs/21-master-plan-phases-risks-and-traceability.md	1652	T254a	word	readiness
docs/21-master-plan-phases-risks-and-traceability.md	1652	T277a	word	partition
docs/21-master-plan-phases-risks-and-traceability.md	1657	T139	word	checked
docs/21-master-plan-phases-risks-and-traceability.md	1657	T139a	title	(FR-021, FR-023, SC-012) ST-RE
docs/21-master-plan-phases-risks-and-traceability.md	1665	T134a	word	written
docs/21-master-plan-phases-risks-and-traceability.md	1665	T225d	title	Unit-id acceptance check
docs/21-master-plan-phases-risks-and-traceability.md	1665	T225e	word	written
docs/21-master-plan-phases-risks-and-traceability.md	1693	T569	word	SLSA_LEVEL
docs/21-master-plan-phases-risks-and-traceability.md	1694	T580c	word	refuses
docs/21-master-plan-phases-risks-and-traceability.md	1696	T225a	word	fixtures
docs/21-master-plan-phases-risks-and-traceability.md	1696	T225b	word	depends
docs/21-master-plan-phases-risks-and-traceability.md	1698	T286	word	depends
docs/21-master-plan-phases-risks-and-traceability.md	1707	T046a	word	current
docs/21-master-plan-phases-risks-and-traceability.md	1707	T570a	title	G-GATE review by ST-REV
docs/21-master-plan-phases-risks-and-traceability.md	1716	T237	word	scratch
docs/21-master-plan-phases-risks-and-traceability.md	1716	T252	title	Hypotheses H10-xx
docs/21-master-plan-phases-risks-and-traceability.md	1716	T254	word	scripts
docs/21-master-plan-phases-risks-and-traceability.md	1716	T269	word	inventory
docs/21-master-plan-phases-risks-and-traceability.md	1716	T277a	word	scratch
docs/21-master-plan-phases-risks-and-traceability.md	1726	T114	word	written
docs/21-master-plan-phases-risks-and-traceability.md	1736	T094c	word	activation
docs/21-master-plan-phases-risks-and-traceability.md	1738	T163	word	missing
docs/21-master-plan-phases-risks-and-traceability.md	1743	T066	word	reconciliation
docs/21-master-plan-phases-risks-and-traceability.md	1764	T256	title	S-LLMV-1
docs/21-master-plan-phases-risks-and-traceability.md	1764	T265	word	scripts
docs/21-master-plan-phases-risks-and-traceability.md	1764	T266	word	scripts
docs/21-master-plan-phases-risks-and-traceability.md	1803	T039	word	remediation
docs/21-master-plan-phases-risks-and-traceability.md	1813	T045a	word	decoupling
docs/21-master-plan-phases-risks-and-traceability.md	1813	T048a	word	analyze
docs/21-master-plan-phases-risks-and-traceability.md	1813	T049	word	remediation
docs/21-master-plan-phases-risks-and-traceability.md	1813	T050	word	unchanged
docs/21-master-plan-phases-risks-and-traceability.md	1813	T051a	word	analyze
docs/21-master-plan-phases-risks-and-traceability.md	1813	T081a	word	ratification
docs/21-master-plan-phases-risks-and-traceability.md	1813	T087a	word	existing
docs/21-master-plan-phases-risks-and-traceability.md	1813	T574a	word	tracker
docs/21-master-plan-phases-risks-and-traceability.md	1814	T014	word	analyze
docs/21-master-plan-phases-risks-and-traceability.md	1814	T051a	word	analyze
docs/21-master-plan-phases-risks-and-traceability.md	1814	T053	word	evidence
docs/21-master-plan-phases-risks-and-traceability.md	1814	T577	word	documents
docs/upstream/constitution-prefix-change-request.md	152	T530a	word	constitution
docs/upstream/continuum-decision-brief.md	14	T049	title	Write the failing test
docs/upstream/continuum-decision-brief.md	14	T050	title	Implement
docs/upstream/continuum-decision-brief.md	14	T054	title	Verdict deriver
docs/upstream/continuum-decision-brief.md	14	T055	title	Anchors
docs/upstream/continuum-decision-brief.md	32	T048	word	continuum
docs/upstream/continuum-decision-brief.md	32	T049	word	properties
docs/upstream/continuum-decision-brief.md	32	T050	word	answered
docs/upstream/continuum-decision-brief.md	32	T054	word	deriver
docs/upstream/continuum-decision-brief.md	67	T048	word	continuum
docs/upstream/continuum-decision-brief.md	69	T048	word	continuum
docs/upstream/continuum-decision-brief.md	80	T054	word	external
docs/upstream/continuum-decision-brief.md	81	T048	word	continuum
docs/upstream/continuum-decision-brief.md	103	T054	word	deriver
docs/upstream/continuum-decision-brief.md	103	T055	word	against
docs/upstream/continuum-decision-brief.md	107	T055	word	fixture
docs/upstream/continuum-decision-brief.md	111	T054	title	Verdict deriver
docs/upstream/continuum-decision-brief.md	111	T055	title	Anchors
docs/upstream/continuum-decision-brief.md	118	T054	word	candidate
docs/upstream/continuum-decision-brief.md	118	T055	title	Anchors
docs/upstream/continuum-decision-brief.md	128	T048	word	continuum
docs/upstream/continuum-decision-brief.md	134	T048	word	continuum
docs/upstream/continuum-decision-brief.md	137	T048	word	continuum
docs/upstream/continuum-decision-brief.md	139	T049	word	differs
docs/upstream/continuum-decision-brief.md	139	T050	word	mapping
docs/upstream/continuum-decision-brief.md	139	T054	word	existing
docs/upstream/continuum-decision-brief.md	140	T048	word	against
plan.md	8	T051a	word	analyze
plan.md	8	T053	word	evidence
plan.md	8	T574a	word	analyze
plan.md	59	T564a	word	readiness
plan.md	172	T023	title	Author the golden sets before any audit run
plan.md	184	T081a	word	ratification
plan.md	209	T005c	word	unreachable
plan.md	215	T085	word	ratification
quickstart.md	8	T005d	word	requires
quickstart.md	8	T051a	word	analyze
quickstart.md	8	T574a	word	requires
quickstart.md	26	T005d	word	bootstrap
quickstart.md	228	T241a	word	readiness
quickstart.md	228	T272a	word	readiness
research.md	9	T048a	word	analyze
research.md	9	T569	word	Release
research.md	9	T574a	word	reconciled
research.md	160	T569	word	earlier
research.md	187	T131	word	project
reviews/REVIEW-tasks-analyze-remediation-1d7bb480.md	17	T083	word	changed
reviews/REVIEW-tasks-analyze-remediation-1d7bb480.md	24	T051	word	wrappers
reviews/REVIEW-tasks-analyze-remediation-1d7bb480.md	24	T053	word	wrappers
reviews/REVIEW-tasks-analyze-remediation-1d7bb480.md	25	T045a	word	snake_case
reviews/REVIEW-tasks-analyze-remediation-1d7bb480.md	27	T087a	word	vocabulary
reviews/REVIEW-tasks-analyze-remediation-1d7bb480.md	28	T040	word	patterns
reviews/REVIEW-tasks-analyze-remediation-1d7bb480.md	28	T087	word	tracked
reviews/REVIEW-tasks-analyze-remediation-1d7bb480.md	28	T090	word	catalogued
reviews/REVIEW-tasks-analyze-remediation-1d7bb480.md	39	T539	word	generator
reviews/REVIEW-tasks-analyze-remediation-1d7bb480.md	40	T539	word	generator
reviews/REVIEW-tasks-analyze-remediation-1d7bb480.md	43	T014	word	committing
reviews/REVIEW-tasks-analyze-remediation-1d7bb480.md	44	T014	word	committing
reviews/REVIEW-tasks-analyze-remediation-1d7bb480.md	45	T011a	word	deliverables
reviews/REVIEW-tasks-analyze-remediation-1d7bb480.md	46	T014	word	committing
reviews/REVIEW-tasks-analyze-remediation-1d7bb480.md	47	T014	word	proceed
reviews/REVIEW-tasks-analyze-remediation-1d7bb480.md	49	T051a	word	earlier
reviews/REVIEW-tasks-analyze-remediation-1d7bb480.md	50	T051	word	depends
reviews/REVIEW-tasks-analyze-remediation-1d7bb480.md	50	T051a	word	earlier
reviews/REVIEW-tasks-analyze-remediation-1d7bb480.md	50	T053	word	wrapper
reviews/REVIEW-tasks-analyze-remediation-1d7bb480.md	51	T053	word	wrapper
reviews/REVIEW-tasks-analyze-remediation-1d7bb480.md	59	T568	title	FR-018 confirmation
reviews/REVIEW-tasks-analyze-remediation-1d7bb480.md	60	T568	title	FR-018 confirmation
reviews/REVIEW-tasks-analyze-remediation-1d7bb480.md	64	T083	word	anchors
reviews/REVIEW-tasks-analyze-remediation-1d7bb480.md	71	T081a	word	ratification
reviews/REVIEW-tasks-analyze-remediation-1d7bb480.md	71	T083	word	constitution
reviews/REVIEW-tasks-analyze-remediation-1d7bb480.md	71	T085	word	ratification
reviews/REVIEW-tasks-analyze-remediation-1d7bb480.md	72	T081a	word	versioning
reviews/REVIEW-tasks-analyze-remediation-1d7bb480.md	74	T081	word	versioning
reviews/REVIEW-tasks-analyze-remediation-1d7bb480.md	75	T429a	word	Governance
reviews/REVIEW-tasks-analyze-remediation-1d7bb480.md	76	T093a	word	continuation
reviews/REVIEW-tasks-analyze-remediation-1d7bb480.md	78	T548a	word	reference
reviews/REVIEW-tasks-analyze-remediation-1d7bb480.md	78	T569	word	session
reviews/REVIEW-tasks-analyze-remediation-1d7bb480.md	78	T582	word	reference
reviews/REVIEW-tasks-analyze-remediation-1d7bb480.md	90	T082	word	depends
reviews/REVIEW-tasks-analyze-remediation-1d7bb480.md	90	T083	word	depends
reviews/REVIEW-tasks-analyze-remediation-1d7bb480.md	95	T083	title	§11.4.32 substitute sweep on t
reviews/REVIEW-tasks-analyze-remediation-1d7bb480.md	95	T085	title	ST-GOV
reviews/REVIEW-tasks-analyze-remediation-1d7bb480.md	96	T081a	title	(FR-006, FR-017, SC-009) Owner
reviews/REVIEW-tasks-analyze-remediation-1d7bb480.md	96	T085	title	ST-GOV
reviews/REVIEW-tasks-analyze-remediation-1d7bb480.md	97	T139a	title	(FR-021, FR-023, SC-012) ST-RE
reviews/REVIEW-tasks-analyze-remediation-1d7bb480.md	97	T159	title	(FR-021, FR-025, SC-003, SC-01
reviews/REVIEW-tasks-analyze-remediation-1d7bb480.md	98	T048a	title	(FR-022, SC-012) Evidence-reco
reviews/REVIEW-tasks-analyze-remediation-1d7bb480.md	98	T049	title	Write the failing test
reviews/REVIEW-tasks-analyze-remediation-1d7bb480.md	98	T050	title	Implement
reviews/REVIEW-tasks-analyze-remediation-1d7bb480.md	99	T087a	title	(FR-008, FR-022, SC-012) Zero-
reviews/REVIEW-tasks-analyze-remediation-1d7bb480.md	99	T094	title	ST-REV G-GATE review of ledger
reviews/REVIEW-tasks-analyze-remediation-1d7bb480.md	99	T575	title	Gate views and integrity
reviews/REVIEW-tasks-analyze-remediation-1d7bb480.md	100	T045a	title	(FR-019, SC-010) Tooling decou
reviews/REVIEW-tasks-analyze-remediation-1d7bb480.md	100	T046	title	ST-REV G-GATE review of the script
reviews/REVIEW-tasks-analyze-remediation-1d7bb480.md	101	T082	title	BLOCKED-ON ODG-12
reviews/REVIEW-tasks-analyze-remediation-1d7bb480.md	101	T083	title	§11.4.32 substitute sweep on t
reviews/REVIEW-tasks-analyze-remediation-1d7bb480.md	101	T084a	title	(FR-006, FR-017, FR-023, SC-00
reviews/REVIEW-tasks-analyze-remediation-1d7bb480.md	102	T045a	title	(FR-019, SC-010) Tooling decou
reviews/REVIEW-tasks-analyze-remediation-1d7bb480.md	102	T046	word	revision
reviews/REVIEW-tasks-analyze-remediation-1d7bb480.md	102	T049	word	properties
reviews/REVIEW-tasks-analyze-remediation-1d7bb480.md	102	T081a	title	(FR-006, FR-017, SC-009) Owner
reviews/REVIEW-tasks-analyze-remediation-1d7bb480.md	102	T083	title	§11.4.32 substitute sweep on t
reviews/REVIEW-tasks-analyze-remediation-1d7bb480.md	102	T084	title	ST-REV G-PIN review of the pin move only
reviews/REVIEW-tasks-analyze-remediation-1d7bb480.md	102	T085	title	ST-GOV
